-- MySQL dump 10.13  Distrib 5.6.25, for Win32 (x86)
--
-- Host: localhost    Database: laravel-sach
-- ------------------------------------------------------
-- Server version	5.6.25

/*!40101 SET @OLD_CHARACTER_SET_CLIENT=@@CHARACTER_SET_CLIENT */;
/*!40101 SET @OLD_CHARACTER_SET_RESULTS=@@CHARACTER_SET_RESULTS */;
/*!40101 SET @OLD_COLLATION_CONNECTION=@@COLLATION_CONNECTION */;
/*!40101 SET NAMES utf8 */;
/*!40103 SET @OLD_TIME_ZONE=@@TIME_ZONE */;
/*!40103 SET TIME_ZONE='+00:00' */;
/*!40014 SET @OLD_UNIQUE_CHECKS=@@UNIQUE_CHECKS, UNIQUE_CHECKS=0 */;
/*!40014 SET @OLD_FOREIGN_KEY_CHECKS=@@FOREIGN_KEY_CHECKS, FOREIGN_KEY_CHECKS=0 */;
/*!40101 SET @OLD_SQL_MODE=@@SQL_MODE, SQL_MODE='NO_AUTO_VALUE_ON_ZERO' */;
/*!40111 SET @OLD_SQL_NOTES=@@SQL_NOTES, SQL_NOTES=0 */;

--
-- Table structure for table `books`
--

DROP TABLE IF EXISTS `books`;
/*!40101 SET @saved_cs_client     = @@character_set_client */;
/*!40101 SET character_set_client = utf8 */;
CREATE TABLE `books` (
  `id` int(10) unsigned NOT NULL AUTO_INCREMENT,
  `category_id` int(10) unsigned NOT NULL,
  `title` varchar(255) COLLATE utf8_unicode_ci NOT NULL,
  `slug` varchar(255) COLLATE utf8_unicode_ci NOT NULL,
  `image` varchar(255) COLLATE utf8_unicode_ci NOT NULL,
  `info` text COLLATE utf8_unicode_ci NOT NULL,
  `content` longtext COLLATE utf8_unicode_ci NOT NULL,
  `price` double NOT NULL,
  `sale_price` double NOT NULL,
  `pages` int(11) NOT NULL,
  `link_download` varchar(255) COLLATE utf8_unicode_ci NOT NULL,
  `published` tinyint(4) NOT NULL DEFAULT '0',
  `hot_banchay` int(11) DEFAULT '0',
  `created_at` timestamp NULL DEFAULT NULL,
  `updated_at` timestamp NULL DEFAULT NULL,
  PRIMARY KEY (`id`),
  UNIQUE KEY `books_title_unique` (`title`),
  UNIQUE KEY `books_slug_unique` (`slug`),
  KEY `books_category_id_foreign` (`category_id`),
  CONSTRAINT `books_category_id_foreign` FOREIGN KEY (`category_id`) REFERENCES `categories` (`id`) ON DELETE CASCADE
) ENGINE=InnoDB AUTO_INCREMENT=62 DEFAULT CHARSET=utf8 COLLATE=utf8_unicode_ci;
/*!40101 SET character_set_client = @saved_cs_client */;

--
-- Dumping data for table `books`
--

LOCK TABLES `books` WRITE;
/*!40000 ALTER TABLE `books` DISABLE KEYS */;
INSERT INTO `books` VALUES (1,3,'Duyên Tình Lý Ngựa Ô - Tuyển Tập','duyen-tinh-ly-ngua-o-tuyen-tap','duyen-tinh-ly-ngua-o.jpg','gồm khá nhiều ca khúc','<p>Gồm c&aacute;c ca kh&uacute;c:</p>\r\n\r\n<p>1. B&agrave; t&ocirc;i</p>\r\n\r\n<p>2. B&agrave;i ca đất Phương Nam</p>\r\n\r\n<p>3. Bẽ b&agrave;ng bướm đậu m&ugrave; u</p>\r\n\r\n<p>4. Ca dao em v&agrave; t&ocirc;i</p>\r\n\r\n<p>5. Chị t&ocirc;i</p>\r\n\r\n<p>6. Con s&aacute;o c&ograve;n buồn</p>\r\n\r\n<p>7. C&ograve;n thương rau đắng mọc sau h&egrave;</p>\r\n\r\n<p>8. Đ&agrave;n s&aacute;o Hậu Giang</p>\r\n\r\n<p>9. Đau x&oacute;t l&yacute; con cua</p>\r\n\r\n<p>10. Đ&ocirc;i mắt Pleiku</p>\r\n\r\n<p>11. Duy&ecirc;n t&igrave;nh l&yacute; ngựa &ocirc;</p>\r\n\r\n<p>12. Giữa Mạc Tư Khoa nghe c&acirc;u h&ograve; V&iacute; Giặm</p>\r\n\r\n<p>13. Ho&agrave;i cổ</p>\r\n\r\n<p>14. Huế thương</p>\r\n\r\n<p>15. Kh&oacute;m tr&uacute;c lầu m&acirc;y</p>\r\n\r\n<p>16. Ki&ecirc;n Giang m&igrave;nh đẹp lắm</p>\r\n\r\n<p>17. L&agrave;ng quan họ qu&ecirc; t&ocirc;i</p>\r\n\r\n<p>18. M&aacute;i đ&igrave;nh l&agrave;ng biển</p>\r\n\r\n<p>19. Mẹ y&ecirc;u con</p>\r\n\r\n<p>20. Một kh&uacute;c t&acirc;m t&igrave;nh của người H&agrave; Tĩnh</p>\r\n\r\n<p>21 .Mưa bay th&aacute;p cổ</p>\r\n\r\n<p>22. Ngẫu hứng S&ocirc;ng Hồng</p>\r\n\r\n<p>23. Nhớ ai bu&ocirc;ng tiếng thở d&agrave;i</p>\r\n\r\n<p>24. Nội t&ocirc;i</p>\r\n\r\n<p>25. N&oacute;n b&agrave;i thơ</p>\r\n\r\n<p>26. Non nước hữu t&igrave;nh</p>\r\n\r\n<p>27. Ở trọ</p>\r\n\r\n<p>28. Phải em l&yacute; ngựa &ocirc;</p>\r\n\r\n<p>29. Sa mưa gi&ocirc;ng</p>\r\n\r\n<p>30. S&ocirc;ng Đắkkr&ocirc;ng</p>\r\n\r\n<p>31. Thị trấn m&ugrave; sương</p>\r\n\r\n<p>32. T&igrave;nh ca Phương Nam</p>\r\n\r\n<p>33. T&igrave;nh ca T&acirc;y Nguy&ecirc;n</p>\r\n\r\n<p>34. T&igrave;nh qu&ecirc; m&ugrave;a hẹn</p>\r\n\r\n<p>35. T&igrave;nh ta l&yacute; qua cầu</p>\r\n\r\n<p><strong>Tr&acirc;n trọng giới thiệu.</strong></p>\r\n',38000,35000,50,'',1,1,'2016-08-31 03:00:59','2016-09-05 15:49:02'),(2,3,'100 Bài Hát Về Thanh Thiếu Niên ','100-bai-hat-ve-thanh-thieu-nien','34379_40920.jpg','\"100 bài hát về thanh, thiếu niên, học sinh, sinh viên\" được chọn lựa trong vô vàn ca khúc viết về tuổi trẻ - Lứa tuổi tươi đẹp nhất của đời người, tuổi gắn với những ước mơ, hoài bão, khát vọng bỏng cháy, tuổi của hiến dâng và đam mê. ','<p>Tuyển tập ca kh&uacute;c n&agrave;y mang tới cho bạn trẻ y&ecirc;u nhạc những ca kh&uacute;c quen thuộc, phổ biến, đ&atilde; được khẳng định qua thời gian, được nhiều người y&ecirc;u th&iacute;ch; điều đặc biệt l&agrave; n&oacute; gắn b&oacute; nhiều với lứa tuổi thanh thiếu ni&ecirc;n, sinh vi&ecirc;n, học sinh, với m&aacute;i trường, giảng đường v&agrave; những kỷ niệm một thời &aacute;o trắng.</p>\r\n\r\n<p>Phần 1: Những b&agrave;i h&aacute;t nghi lễ</p>\r\n\r\n<ul style=\"list-style-type:none\">\r\n	<li style=\"text-align:left\">\r\n	<p>Tiến qu&acirc;n ca</p>\r\n	</li>\r\n	<li style=\"text-align:left\">\r\n	<p>Quốc tế ca</p>\r\n	</li>\r\n	<li style=\"text-align:left\">\r\n	<p>Thanh ni&ecirc;n l&agrave;m theo lời B&aacute;c</p>\r\n	</li>\r\n	<li style=\"text-align:left\">\r\n	<p>L&ecirc;n đ&agrave;ng</p>\r\n	</li>\r\n	<li style=\"text-align:left\">\r\n	<p>B&agrave;i ca sinh vi&ecirc;n</p>\r\n	</li>\r\n	<li style=\"text-align:left\">\r\n	<p>...</p>\r\n	</li>\r\n</ul>\r\n\r\n<p>Phần 2: Những ca kh&uacute;c đặc sắc d&agrave;nh cho thanh thiếu ni&ecirc;n, học sinh, sinh vi&ecirc;n</p>\r\n\r\n<ul style=\"list-style-type:none\">\r\n	<li style=\"text-align:left\">\r\n	<p>Chia tay m&ugrave;a hạ</p>\r\n	</li>\r\n	<li style=\"text-align:left\">\r\n	<p>T&igrave;nh thơ</p>\r\n	</li>\r\n	<li style=\"text-align:left\">\r\n	<p>C&acirc;y đ&agrave;n sinh vi&ecirc;n</p>\r\n	</li>\r\n	<li style=\"text-align:left\">\r\n	<p>Kh&ocirc;ng c&ograve;n m&ugrave;a thu</p>\r\n	</li>\r\n	<li style=\"text-align:left\">\r\n	<p>Mừng tuổi mẹ</p>\r\n	</li>\r\n	<li style=\"text-align:left\">\r\n	<p>...</p>\r\n	</li>\r\n</ul>\r\n\r\n<p><strong>Mời bạn đ&oacute;n đọc</strong></p>\r\n',67000,65000,20,'',1,1,'2016-08-31 03:08:01','2016-09-05 15:49:02'),(3,3,'Dân Ca Ba Miền','dan-ca-ba-mien','18679_p25095.jpg','Tuyển tập những bài hát dân ca, với số lượng bài, những làn điệu dân ca ba miền phong phú đa dạng trong nền âm nhạc dân gian Việt Nam, đất nước của 54 dân tộc anh em sinh sống, rất nhiều bài đã trở nên quen thuộc với khán thính giả yêu nhạc trong cả nước phần nào đã đáp ứng được yêu cầu của bạn yêu thích hát dân ca.','<p><strong>D&acirc;n Ca Ba Miền:</strong><br />\r\n<span style=\"color:rgb(85, 85, 85); font-family:robotoslab; font-size:17px\">Tuyển tập những b&agrave;i h&aacute;t d&acirc;n ca, với số lượng b&agrave;i, những l&agrave;n điệu d&acirc;n ca ba miền phong ph&uacute; đa dạng trong nền &acirc;m nhạc d&acirc;n gian Việt Nam, đất nước của 54 d&acirc;n tộc anh em sinh sống, rất nhiều b&agrave;i đ&atilde; trở n&ecirc;n quen thuộc với kh&aacute;n th&iacute;nh giả y&ecirc;u nhạc trong cả nước phần n&agrave;o đ&atilde; đ&aacute;p ứng được y&ecirc;u cầu của bạn y&ecirc;u th&iacute;ch h&aacute;t d&acirc;n ca.</span><br />\r\n<br />\r\n<span style=\"color:rgb(85, 85, 85); font-family:robotoslab; font-size:17px\">Mỗi b&agrave;i mỗi vẻ những c&aacute;i hay, c&aacute;i đẹp đặc trưng của mỗi v&ugrave;ng miền của c&aacute;c d&acirc;n tộc anh em đều thể hiện trong từng đường n&eacute;t giai điệu, lời ca, tiết tấu.</span><br />\r\n<br />\r\n<span style=\"color:rgb(85, 85, 85); font-family:robotoslab; font-size:17px\">Nhiều b&agrave;i mỗi khi h&aacute;t xong ch&uacute;ng ta cảm nhận được thật nhiều vẻ đẹp c&agrave;ng thấy y&ecirc;u mến đất nước của ch&uacute;ng ta hơn.</span><br />\r\n<br />\r\n<strong>Mục Lục:</strong><br />\r\n<span style=\"color:rgb(85, 85, 85); font-family:robotoslab; font-size:17px\">Qua cầu gi&oacute; bay</span><br />\r\n<span style=\"color:rgb(85, 85, 85); font-family:robotoslab; font-size:17px\">Xe chỉ luồn kim</span><br />\r\n<span style=\"color:rgb(85, 85, 85); font-family:robotoslab; font-size:17px\">C&acirc;y tr&uacute;c xinh</span><br />\r\n<span style=\"color:rgb(85, 85, 85); font-family:robotoslab; font-size:17px\">Hoa thơm bướm dạo</span><br />\r\n<span style=\"color:rgb(85, 85, 85); font-family:robotoslab; font-size:17px\">Ngồi tựa mạn thuyền</span><br />\r\n<span style=\"color:rgb(85, 85, 85); font-family:robotoslab; font-size:17px\">Ra ng&otilde; m&agrave; tr&ocirc;ng</span><br />\r\n<span style=\"color:rgb(85, 85, 85); font-family:robotoslab; font-size:17px\">L&yacute; c&acirc;y đa</span><br />\r\n<span style=\"color:rgb(85, 85, 85); font-family:robotoslab; font-size:17px\">Nhất quế Nhị Lan</span><br />\r\n<span style=\"color:rgb(85, 85, 85); font-family:robotoslab; font-size:17px\">Trống cơm</span><br />\r\n<span style=\"color:rgb(85, 85, 85); font-family:robotoslab; font-size:17px\">Đ&ecirc;m qua nhớ bạn</span><br />\r\n<span style=\"color:rgb(85, 85, 85); font-family:robotoslab; font-size:17px\">Dọn qu&aacute; b&aacute;n h&agrave;ng</span><br />\r\n<span style=\"color:rgb(85, 85, 85); font-family:robotoslab; font-size:17px\">Con nhện giăng m&ugrave;ng</span><br />\r\n<span style=\"color:rgb(85, 85, 85); font-family:robotoslab; font-size:17px\">Người ở đừng về</span><br />\r\n<span style=\"color:rgb(85, 85, 85); font-family:robotoslab; font-size:17px\">Người đi đ&acirc;u</span><br />\r\n<span style=\"color:rgb(85, 85, 85); font-family:robotoslab; font-size:17px\">Tr&egrave;o l&ecirc;n d&atilde;y n&uacute;i thi&ecirc;n thai</span><br />\r\n<span style=\"color:rgb(85, 85, 85); font-family:robotoslab; font-size:17px\">L&uacute;ng liếng</span><br />\r\n<span style=\"color:rgb(85, 85, 85); font-family:robotoslab; font-size:17px\">Thoả nỗi nhớ mong</span><br />\r\n<span style=\"color:rgb(85, 85, 85); font-family:robotoslab; font-size:17px\">C&ograve; lả</span><br />\r\n<span style=\"color:rgb(85, 85, 85); font-family:robotoslab; font-size:17px\">Trống qu&acirc;n</span><br />\r\n<span style=\"color:rgb(85, 85, 85); font-family:robotoslab; font-size:17px\">B&agrave;i ch&egrave;o</span><br />\r\n<span style=\"color:rgb(85, 85, 85); font-family:robotoslab; font-size:17px\">Sa mạc</span><br />\r\n<span style=\"color:rgb(85, 85, 85); font-family:robotoslab; font-size:17px\">Gọi ngh&eacute;.</span><br />\r\n<span style=\"color:rgb(85, 85, 85); font-family:robotoslab; font-size:17px\">v.v...</span><br />\r\n<br />\r\n<strong>Mời bạn đ&oacute;n đọc.</strong></p>\r\n',24000,20000,12,'',1,1,'2016-08-31 03:12:17','2016-09-05 15:49:02'),(4,3,'Những Đặc Trưng Của Hò Trị Thiên','nhung-dac-trung-cua-ho-tri-thien','11252_p17608.jpg','Những Đặc Trưng Của Hò Trị Thiên:Nội dung cuốn sách gồm 4 chương:Chương 1','<p><strong>Nội dung cuốn s&aacute;ch gồm 4 chương:</strong><br />\r\n<span style=\"color:rgb(85, 85, 85); font-family:robotoslab; font-size:17px\">Chương 1: Bối Cảnh Địa L&yacute;, Lịch Sử, Văn Ho&aacute; V&ugrave;ng</span><br />\r\n<span style=\"color:rgb(85, 85, 85); font-family:robotoslab; font-size:17px\">- Địa l&yacute;, lịch sử, con người trị thi&ecirc;n.</span><br />\r\n<span style=\"color:rgb(85, 85, 85); font-family:robotoslab; font-size:17px\">- C&aacute;c thể loại h&aacute;t l&yacute; Trị thi&ecirc;n</span><br />\r\n<span style=\"color:rgb(85, 85, 85); font-family:robotoslab; font-size:17px\">- Ph&acirc;n loại v&agrave; đặc điểm của h&ograve; Trị Thi&ecirc;n.</span><br />\r\n<span style=\"color:rgb(85, 85, 85); font-family:robotoslab; font-size:17px\">Chương 2: Đặc Trưng Loại H&igrave;nh H&ograve; Trị Thi&ecirc;n</span><br />\r\n<span style=\"color:rgb(85, 85, 85); font-family:robotoslab; font-size:17px\">- Mối quan hệ của h&ograve; Trị Thi&ecirc;n với d&acirc;n ca c&aacute;c v&ugrave;ng v&agrave; sự biến chuyển của n&oacute; trong qu&aacute; tr&igrave;nh lịch sử</span><br />\r\n<span style=\"color:rgb(85, 85, 85); font-family:robotoslab; font-size:17px\">- Vị tr&iacute; của h&ograve; Trị Thi&ecirc;n trong hệ thống d&acirc;n ca Việt Nam</span><br />\r\n<span style=\"color:rgb(85, 85, 85); font-family:robotoslab; font-size:17px\">Chương 3: Đặc Trưng Về Nội Dung Của H&ograve; Trị Thi&ecirc;n</span><br />\r\n<span style=\"color:rgb(85, 85, 85); font-family:robotoslab; font-size:17px\">- C&aacute;ch phản &aacute;nh c&aacute;c trang th&aacute;i t&igrave;nh cảm của con người.</span><br />\r\n<span style=\"color:rgb(85, 85, 85); font-family:robotoslab; font-size:17px\">- C&aacute;ch thể hiện t&iacute;nh chất kh&ocirc;i h&agrave;i tr&agrave;o ph&uacute;ng trong h&ograve; Trị Thi&ecirc;n.</span><br />\r\n<span style=\"color:rgb(85, 85, 85); font-family:robotoslab; font-size:17px\">Chương 4: Đặc Trưng Về Nghệ Thuật Của H&ograve; Trị Thi&ecirc;n</span><br />\r\n<span style=\"color:rgb(85, 85, 85); font-family:robotoslab; font-size:17px\">- Một số đặc điểm thi ph&aacute;p của lời thơ trong h&ograve; Trị Thi&ecirc;n</span><br />\r\n<span style=\"color:rgb(85, 85, 85); font-family:robotoslab; font-size:17px\">- Nghệ thuật diễn xướng</span><br />\r\n<br />\r\n<strong>Mời bạn đ&oacute;n đọc.</strong></p>\r\n',18000,15000,20,'',1,1,'2016-08-31 03:23:12','2016-09-05 15:49:02'),(5,3,'100 Làn Điệu Dân Ca Khmer - Tập 2','100-lan-dieu-dan-ca-khmer-tap-2','5722_8062_p14140.jpg','Trong kho tàng âm nhạc dân gian Việt Nam, dân ca Khmer Nam Bộ có vị trí rất xứng đáng trong việc đóng góp về mặt nội dung cũng như hình thức và nghệ thuật.','<div class=\"mainbox2-container\" style=\"border: 0px; margin: 0px; padding: 0px; font-stretch: normal; line-height: normal; font-family: Roboto, Arial, Helvetica, sans-serif; color: rgb(102, 100, 92); float: left; width: 1110px;\">\r\n<div class=\"mainbox2-body\" style=\"border: 0px; font-size: 15px; margin: 0px; padding: 0px 0px 30px; font-stretch: normal; line-height: 26px; position: relative; float: left; width: 1110px;\">\r\n<div class=\"full-description\" style=\"border: 0px; font-size: 17px; margin: 0px; padding: 0px; font-stretch: normal; line-height: 1.714; font-family: RobotoSlab; color: rgb(85, 85, 85); display: inline-block; float: left; width: 1110px; position: relative;\">Qua tập s&aacute;ch n&agrave;y, nhạc sĩ Nguyễn Văn Hoa sẽ gi&uacute;p bạn tiếp cận 50 b&agrave;i d&acirc;n ca Khmer, gồm 35 b&agrave;i sưu tầm tại Tr&agrave; Vinh v&agrave; 15 b&agrave;i tại Ki&ecirc;n Giang. Đ&acirc;y l&agrave; những b&agrave;i được tr&igrave;nh l&agrave;ng lần thứ nhất trong h&agrave;ng trăm, h&agrave;ng ng&agrave;n l&agrave;n điệu qua những chuyến đi điền d&atilde; thuộc nhiều địa phương gần 30 năm qua.<br />\r\nMỗi b&agrave;i d&acirc;n ca được k&yacute; &acirc;m tr&ecirc;n 5 d&ograve;ng nhạc bằng k&yacute; &acirc;m ph&aacute;p phổ th&ocirc;ng. Lời h&aacute;t được phi&ecirc;n &acirc;m ra tiếng La-tinh v&agrave; dịch nội dung ra tiếng Việt. Từ nội dung n&agrave;y được chuyển th&agrave;nh văn vần lời Việt. Cuối c&ugrave;ng l&agrave; dựa v&agrave;o từng b&agrave;i thơ ấy m&agrave; viết ra chữ Khmer.</div>\r\n</div>\r\n</div>\r\n\r\n<div class=\"product-details-box \" id=\"product-details-box\" style=\"border: 0px; margin: 0px; padding: 0px; font-stretch: normal; line-height: normal; font-family: Roboto, Arial, Helvetica, sans-serif; color: rgb(102, 100, 92); float: left; width: 1110px;\">\r\n<div class=\"mainbox2-container\" style=\"border: 0px; margin: 0px; padding: 0px; font-stretch: normal; float: left; width: 1110px;\">\r\n<h3><strong>Mời Bạn đ&oacute;n đọc</strong>.</h3>\r\n</div>\r\n</div>\r\n',33000,32000,119,'',1,1,'2016-08-31 04:00:06','2016-09-05 15:49:02'),(6,3,'Dân Ca Việt Nam - Những Thành Tố Của Chỉnh Thể Nguyên Hợp','dan-ca-viet-nam-nhung-thanh-to-cua-chinh-the-nguyen-hop','8331_6299_p12201.jpg','thân dân ca như nó đang sống; nói cụ thể hơn là nghiên cứu các thành tố lời thơ, làn điệu, diễn xướng dân ca trong mối quan hệ tương tác với nhau. ','<div class=\"mainbox2-container\" style=\"border: 0px; margin: 0px; padding: 0px; font-stretch: normal; float: left; width: 1110px;\">\r\n<div class=\"mainbox2-body\" style=\"border: 0px; margin: 0px; padding: 0px 0px 30px; font-stretch: normal; position: relative; float: left; width: 1110px;\">\r\n<div class=\"full-description\" style=\"color: rgb(85, 85, 85); font-family: RobotoSlab; font-size: 17px; line-height: 1.714; border: 0px; margin: 0px; padding: 0px; font-stretch: normal; display: inline-block; float: left; width: 1110px; position: relative;\">th&acirc;n d&acirc;n ca như n&oacute; đang sống; n&oacute;i cụ thể hơn l&agrave; nghi&ecirc;n cứu c&aacute;c th&agrave;nh tố lời thơ, l&agrave;n điệu, diễn xướng d&acirc;n ca trong mối quan hệ tương t&aacute;c với nhau. Đ&acirc;y như l&agrave; c&aacute;ch tiếp cận thực tiễn c&aacute;c sinh hoạt d&acirc;n ca để cảm thụ sắc m&agrave;u, cung bậc vẻ đẹp hồn nhi&ecirc;n, thuần khiết những b&ocirc;ng hoa nơi đồng qu&ecirc;, n&uacute;i rừng để c&oacute; thể nắm bắt bản chất v&agrave; linh hồn của d&acirc;n ca... Mời bạn đ&oacute;n đọc</div>\r\n</div>\r\n</div>\r\n',27000,25000,262,'',1,1,'2016-08-31 04:56:57','2016-09-05 15:49:02'),(7,8,'Dưới Mắt Tôi','duoi-mat-toi','7879_226343_p70203m001.jpg','Trương Chính từng nói: \"Nhiệm vụ nhà phê bình không những là phải biết lựa lọc để tìm nâng giấc những tài năng mới phát triển, và đánh đổ những định kiến thiên lệch, những dư luận sai lầm, những lời bình phẩm nông nổi của một số người đối với những kiệt tác. Nhà phê bình còn phải trừ thải những cây bút không tương lai, sắp đặt lại thứ bực đích đáng cho các nhà văn.\"','<div class=\"mainbox2-container\" style=\"border: 0px; margin: 0px; padding: 0px; font-stretch: normal; line-height: normal; font-family: Roboto, Arial, Helvetica, sans-serif; color: rgb(102, 100, 92); float: left; width: 1110px;\">\r\n<div class=\"mainbox2-body\" style=\"border: 0px; font-size: 15px; margin: 0px; padding: 0px 0px 30px; font-stretch: normal; line-height: 26px; position: relative; float: left; width: 1110px;\">\r\n<div class=\"full-description\" style=\"border: 0px; font-size: 17px; margin: 0px; padding: 0px; font-stretch: normal; line-height: 1.714; font-family: RobotoSlab; color: rgb(85, 85, 85); display: inline-block; float: left; width: 1110px; position: relative;\">\r\n<p><strong><em>&ldquo;Dưới mắt t&ocirc;i&rdquo;</em></strong>&nbsp;được Trương Ch&iacute;nh viết năm 23 tuổi, c&aacute;i tuổi đủ ngạo kh&iacute; để n&oacute;i l&ecirc;n những quan niệm văn chương của m&igrave;nh, đủ dũng kh&iacute; để phản biện lại những quan điểm kh&ocirc;ng giống m&igrave;nh, đủ cả tinh thần v&agrave; kh&iacute; lực để chiến đấu mở cho m&igrave;nh một con đường mới trong địa hạt văn chương. &nbsp;</p>\r\n\r\n<p>Nhiều người đọc sẽ rất th&iacute;ch Trương Ch&iacute;nh v&igrave; quan điểm ấy, cũng như c&aacute;i c&aacute;ch &ocirc;ng thẳng thắn trong ph&ecirc; b&igrave;nh văn chương. C&aacute;i c&aacute;ch &ocirc;ng ước định tương lai v&agrave; b&uacute;t lực của nh&agrave; văn, c&aacute;i c&aacute;ch &ocirc;ng d&ugrave;ng từ phũ ph&agrave;ng, hoặc cả c&aacute;i c&aacute;ch đ&aacute;nh gi&aacute; khắt khe, trắng phớ khen ch&ecirc;.</p>\r\n<strong>Mời bạn đ&oacute;n đọc.</strong></div>\r\n</div>\r\n</div>\r\n\r\n<div class=\"product-details-box \" id=\"product-details-box\" style=\"border: 0px; margin: 0px; padding: 0px; font-stretch: normal; line-height: normal; font-family: Roboto, Arial, Helvetica, sans-serif; color: rgb(102, 100, 92); float: left; width: 1110px;\">\r\n<div class=\"mainbox2-container\" style=\"border: 0px; margin: 0px; padding: 0px; font-stretch: normal; float: left; width: 1110px;\">\r\n<h3>&nbsp;</h3>\r\n</div>\r\n</div>\r\n',64000,63000,166,'',1,1,'2016-08-31 09:22:48','2016-09-05 15:49:02'),(8,8,'Đọc Tôi Bên Bến Lạ','doc-toi-ben-ben-la','27892_216884_p69231mbt.jpg','Sự bùng nổ của “tôi” trong các tác phẩm đương đại Việt Nam phản ánh cùng lúc thay đổi của xã hội và nỗ lực của văn chương đi tìm một cơ sở mỹ học mới.','<div class=\"mainbox2-container\" style=\"border: 0px; margin: 0px; padding: 0px; font-stretch: normal; line-height: normal; font-family: Roboto, Arial, Helvetica, sans-serif; color: rgb(102, 100, 92); float: left; width: 1110px;\">\r\n<div class=\"mainbox2-body\" style=\"border: 0px; font-size: 15px; margin: 0px; padding: 0px 0px 30px; font-stretch: normal; line-height: 26px; position: relative; float: left; width: 1110px;\">\r\n<div class=\"full-description\" style=\"border: 0px; font-size: 17px; margin: 0px; padding: 0px; font-stretch: normal; line-height: 1.714; font-family: RobotoSlab; color: rgb(85, 85, 85); display: inline-block; float: left; width: 1110px; position: relative;\">\r\n<p>Đổi Mới năm 1986 đ&aacute;nh dấu sự l&ecirc;n ng&ocirc;i ngoạn mục của c&aacute;i &ldquo;t&ocirc;i&rdquo; trong văn học. Từ thế hệ c&aacute;c t&aacute;c giả hậu chiến như Nguyễn Huy Thiệp, Phạm Thị Ho&agrave;i, Bảo Ninh&hellip; cho tới c&aacute;c nh&agrave; văn của ng&agrave;y h&ocirc;m nay như Nguyễn Việt H&agrave;, Nguyễn B&igrave;nh Phương, Đỗ Kh., Trần Vũ, Thuận, Phong Điệp, Phan Việt, Phan Hồn Nhi&ecirc;n&hellip;, văn chương Việt l&agrave; cuộc phi&ecirc;u lưu của những c&aacute;i &ldquo;t&ocirc;i&rdquo; phản anh h&ugrave;ng, v&ocirc; căn cước, phi bản thể. Những c&aacute;i &ldquo;t&ocirc;i&rdquo; kh&ocirc;ng độc nhất cũng kh&ocirc;ng đồng nhất, mờ nhạt, c&ocirc; đơn nhưng đầy &aacute;m ảnh của thời to&agrave;n cầu h&oacute;a.</p>\r\n\r\n<p>Bằng phương ph&aacute;p ph&ecirc; b&igrave;nh hiện đại, Đo&agrave;n Cầm Thi mang đến nhiều g&oacute;c nh&igrave;n kh&aacute;c lạ, độc đ&aacute;o cho những c&aacute;i &ldquo;t&ocirc;i&rdquo; của c&aacute;c t&aacute;c phẩm tưởng đ&atilde; quen thuộc.</p>\r\n<strong>Mời bạn đ&oacute;n đọc.</strong></div>\r\n</div>\r\n</div>\r\n\r\n<p>&nbsp;</p>\r\n',90000,80000,288,'',1,1,'2016-08-31 09:25:29','2016-09-05 15:49:02'),(9,8,'Nguyễn Nhật Ánh - Hiệp Sĩ Của Tuổi Thơ','nguyen-nhat-anh-hiep-si-cua-tuoi-tho','30734_200873_p66897mbt.jpg','\"Tập sách là kết quả nghiên cứu bước đầu của một số tiếng nói trong giới nghiên cứu, phê bình, giảng dạy văn học; của một số nhà văn có chung một niềm đam mê sáng tác cho thiếu nhi - những người \"đồng bệnh\" với nhà văn Nguyễn Nhật Ánh.','<div class=\"mainbox2-container\" style=\"border: 0px; margin: 0px; padding: 0px; font-stretch: normal; line-height: normal; font-family: Roboto, Arial, Helvetica, sans-serif; color: rgb(102, 100, 92); float: left; width: 1110px;\">\r\n<div class=\"mainbox2-body\" style=\"border: 0px; font-size: 15px; margin: 0px; padding: 0px 0px 30px; font-stretch: normal; line-height: 26px; position: relative; float: left; width: 1110px;\">\r\n<div class=\"full-description\" style=\"border: 0px; font-size: 17px; margin: 0px; padding: 0px; font-stretch: normal; line-height: 1.714; font-family: RobotoSlab; color: rgb(85, 85, 85); display: inline-block; float: left; width: 1110px; position: relative;\">\r\n<p>Do l&agrave; những tiếng n&oacute;i học thuật đầu ti&ecirc;n về Nguyễn Nhật &Aacute;nh, n&ecirc;n ch&uacute;ng chỉ như l&agrave; những ph&aacute;t thảo mang t&iacute;nh nhận diện, đối thoại, gợi dẫn, đặt trong nhiều tiếng n&oacute;i kh&aacute;c b&igrave;nh đẳng v&agrave; tr&acirc;n qu&yacute;.</p>\r\n\r\n<p>Cống hiến của nh&agrave; văn Nguyễn Nhật &Aacute;nh đang c&ograve;n tiếp tục. C&ocirc;ng cuộc nghi&ecirc;n cứu, ph&ecirc; b&igrave;nh, giảng dạy v&agrave; quảng b&aacute; về Nguyễn Nhật &Aacute;nh vẫn tiếp tục c&ograve;n. Quyển s&aacute;ch n&agrave;y như một tri &acirc;m/tri &acirc;n đối với nh&agrave; văn. Cũng lại như một tri &acirc;m đối với tất thảy những ai thuộc nhiều thế hệ đ&atilde; đọc v&agrave; rồi sẽ đọc Nguyễn Nhật &Aacute;nh&quot;</p>\r\n\r\n<p>Văn Gi&aacute;, PGS.TS, Nh&agrave; nghi&ecirc;n cứu, ph&ecirc; b&igrave;nh văn học, Đại học Văn H&oacute;a H&agrave; Nội.</p>\r\n\r\n<p><strong>Mời bạn đ&oacute;n đọc.</strong></p>\r\n</div>\r\n</div>\r\n</div>\r\n',150000,145000,392,'',1,1,'2016-08-31 09:27:56','2016-09-05 15:49:02'),(10,4,'Nhạc Lý Căn Bản & Nâng Cao','nhac-ly-can-ban-nang-cao','15438_4706_p10473.jpg','Nhạc lý là môn học liên quan đến những gì thuộc về âm nhạc. Nhạc lý là chiếc chìa khóa giúp người nhạc sĩ sáng tác.','<p>Nhạc l&yacute; l&agrave; c&acirc;y đũa thần gi&uacute;p cho người nghệ sĩ biểu diễn ho&agrave;n hảo một t&aacute;c phẩm.</p>\r\n\r\n<p>Nhạc l&yacute; gi&uacute;p cho người nghe cảm nhận được đầy đủ những c&aacute;i hay, n&eacute;t đẹp của bản nhạc qua kỹ thuật biểu diễn.</p>\r\n\r\n<p>Ch&iacute;nh v&igrave; để n&acirc;ng cao khả năng thưởng thức &acirc;m nhạc, n&acirc;ng cao việc cảm thụ ch&acirc;n thiện mỹ m&agrave; &acirc;m nhạc được đưa v&agrave;o giảng dạy trong chương tr&igrave;nh phổ th&ocirc;ng ở nhiều nước tr&ecirc;n thế giới.</p>\r\n\r\n<p>Trong quyển Nhạc l&yacute; căn bản n&agrave;y, t&aacute;c giả dựa v&agrave;o nội dung &acirc;m nhạc đang dạy trong trường phổ th&ocirc;ng để soạn thảo. C&aacute;c b&agrave;i học được tr&igrave;nh b&agrave;y ngắn gọn, đầy đủ dễ hiểu. C&aacute;c phần minh họa r&otilde; r&agrave;ng với những b&agrave;i nhạc quen thuộc. B&agrave;i tập k&egrave;m theo ở cuối b&agrave;i gi&uacute;p người học củng cố lại kiến thức. C&aacute;c danh từ &acirc;m nhạc trong s&aacute;ch c&oacute; k&egrave;m theo tiếng Ph&aacute;p hoặc tiếng &Yacute; để người học c&oacute; th&ecirc;m tư liệu. Đ&acirc;y l&agrave; một t&agrave;i liệu cần thiết cho những người bắt đầu t&igrave;m hiểu nhạc l&yacute;.</p>\r\n\r\n<p><strong>Mời bạn đ&oacute;n đọc.</strong></p>\r\n',35000,32000,128,'',1,0,'2016-08-31 14:17:29','2016-09-02 09:06:37'),(11,4,'Organ Thực Hành Cho Học Sinh ','organ-thuc-hanh-cho-hoc-sinh','8559_223471_p70150morganthuchanh.jpg','Cuốn Organ Thực hành cho học sinh trung học cơ sở của tác giả Cù Minh Nhật biên soạn tập hợp các bài hát được dùng trong chương trình giáo dục âm nhạc ở bậc Trung học cơ sở trên toàn quốc. Là một người nhiều năm gắn bó với cây đàn Organ, tác giả đã hiểu được khó khăn và mong muốn của những người sử dụng cây đàn hay gặp phải.','<p>C&oacute; trong tay cuốn s&aacute;ch n&agrave;y, những người chơi đ&agrave;n Organ c&oacute; thể t&igrave;m được lời giải đ&aacute;p cho những băn khoăn của m&igrave;nh. Cuốn s&aacute;ch đưa ra một số ti&ecirc;u ch&iacute; để chọn tiết tấu v&agrave; &acirc;m sắc nhạc cụ sao cho ph&ugrave; hợp với b&agrave;i h&aacute;t. Dựa tr&ecirc;n những hướng dẫn đơn giản, dễ hiểu ở phần đầu cuốn s&aacute;ch v&agrave; mỗi b&agrave;i cụ thể, c&aacute;c bạn sẽ c&oacute; cơ sở để kh&aacute;m ph&aacute;, khai th&aacute;c những t&iacute;nh năng ưu việt của đ&agrave;n Organ. Hy vọng c&aacute;c em sẽ th&iacute;ch th&uacute; khi được chơi tr&ecirc;n đ&agrave;n Organ những bản nhạc m&agrave; m&igrave;nh được học ở trường. C&ograve;n nếu như bạn l&agrave; gi&aacute;o vi&ecirc;n &acirc;m nhạc ở bậc Trung học cơ sở th&igrave; cuốn s&aacute;ch n&agrave;y sẽ l&agrave; cẩm nang để bạn tự tin hơn khi bước l&ecirc;n bục giảng.</p>\r\n\r\n<p><strong>Mời bạn đ&oacute;n đọc.</strong></p>\r\n',42000,40000,100,'',1,0,'2016-08-31 14:19:12','2016-09-02 09:07:55'),(12,10,'Bộ Sách Giáo Khoa Lớp 2','bo-sach-giao-khoa-lop-2','9413_186155_p64416mbo.jpg','sách dành cho lớp 2','<div class=\"mainbox2-container\" style=\"border: 0px; margin: 0px; padding: 0px; font-stretch: normal; line-height: normal; font-family: Roboto, Arial, Helvetica, sans-serif; color: rgb(102, 100, 92); float: left; width: 1110px;\">\r\n<div class=\"mainbox2-body\" style=\"border: 0px; font-size: 15px; margin: 0px; padding: 0px 0px 30px; font-stretch: normal; line-height: 26px; position: relative; float: left; width: 1110px;\">\r\n<div class=\"full-description\" style=\"border: 0px; font-size: 17px; margin: 0px; padding: 0px; font-stretch: normal; line-height: 1.714; font-family: RobotoSlab; color: rgb(85, 85, 85); display: inline-block; float: left; width: 1110px; position: relative;\">\r\n<p>Bộ s&aacute;ch gi&aacute;o khoa d&agrave;nh cho học sinh lớp 2, gồm c&aacute;c cuốn:</p>\r\n\r\n<p>1. Tiếng Việt - Tập 1</p>\r\n\r\n<p>2. Tiếng Việt - Tập 2</p>\r\n\r\n<p>3. To&aacute;n</p>\r\n\r\n<p>4. Tự Nhi&ecirc;n V&agrave; X&atilde; Hội</p>\r\n\r\n<p>5. Tập Viết - Tập 1</p>\r\n\r\n<p>6. Tập Viết - Tập 2</p>\r\n<strong>Mời bạn đ&oacute;n đọc</strong>\r\n\r\n<p>&nbsp;</p>\r\n</div>\r\n</div>\r\n</div>\r\n',45000,43000,450,'',1,0,'2016-08-31 14:23:24','2016-09-02 09:07:43'),(13,11,'Bài Toán Qua Các Kì Thi Học Sinh Giỏi Và Luyện Thi Vào Lớp 10 Chuyên Hình Học 9','bai-toan-qua-cac-ki-thi-hoc-sinh-gioi-va-luyen-thi-vao-lop-10-chuyen-hinh-hoc-9','28376_214155_p68811mbt.jpg','Hình học là một môn của Toán học, nó là đối tượng đầu tiên của việc cụ thể hóa một đối tượng cụ thể đến việc trừu tượng hóa một bài toán tổng quát. Tính chất trực quan để tư duy luôn giúp cho chúng ta những điều suy luận lô-gic. Hình học trong chương trình toán 9 cũng không ngoại lệ.','<p>Tuy vậy, trong nhiều năm quan s&aacute;t về vấn đề học tập m&ocirc;n To&aacute;n của c&aacute;c em học sinh. Ch&uacute;ng t&ocirc;i nhận thấy hầu như c&aacute;c em đa phần quan t&acirc;m đến đại số m&agrave; xem nhẹ hoặc yếu phần h&igrave;nh học. Một phần cũng do ch&uacute;ng ta mất những kh&aacute;i niệm cơ bản ban đầu. Phần kh&aacute;c cũng do sự nh&igrave;n nhận h&igrave;nh học của c&aacute;c em chưa đ&uacute;ng với tiềm năng của n&oacute;. Cũng ch&iacute;nh v&igrave; vậy, việc dạy h&igrave;nh học của c&aacute;c thầy c&ocirc; gi&aacute;o cũng c&oacute; phần cho qua loa, kh&ocirc;ng bổ sung kỹ lưỡng những kỹ năng nh&igrave;n nhận vấn đề.</p>\r\n\r\n<p>Do đ&oacute;, ch&uacute;ng t&ocirc;i bi&ecirc;n soạn quyển s&aacute;ch n&agrave;y để gi&uacute;p tất cả c&aacute;c em học sinh luyện tập. Với h&agrave;ng loạt những kiến thức kỹ năng được bố tr&iacute; hợp l&yacute; trong từng chương học, từng chủ đề trong s&aacute;ch. Cũng với mong muốn gi&uacute;p c&aacute;c em t&igrave;m lại những kỹ năng vẽ h&igrave;nh, ch&uacute;ng t&ocirc;i đ&atilde; tr&igrave;nh b&agrave;y những h&igrave;nh vẽ r&otilde; r&agrave;ng trong từng b&agrave;i to&aacute;n cụ thể. Những hệ thống b&agrave;i tập mẫu của ch&uacute;ng t&ocirc;i thật sự phong ph&uacute; được minh họa đi k&egrave;m với những lượng kiến thức li&ecirc;n quan.</p>\r\n\r\n<p>Trong quyển s&aacute;ch n&agrave;y, ch&uacute;ng t&ocirc;i chia theo từng chương học trong chương tr&igrave;nh hiện h&agrave;nh:</p>\r\n\r\n<p><strong>Chương I:</strong>&nbsp;Hệ thức lượng trong tam gi&aacute;c vu&ocirc;ng</p>\r\n\r\n<p><strong>Chương II:</strong>&nbsp;Đường tr&ograve;n v&agrave; sự x&aacute;c định đường tr&ograve;n&nbsp;</p>\r\n\r\n<p><strong>Chuơng III:</strong>&nbsp;G&oacute;c với đường tr&ograve;n</p>\r\n\r\n<p><strong>Chương IV</strong>: H&igrave;nh trụ - H&igrave;nh n&oacute;n &ndash; H&igrave;nh cầu</p>\r\n\r\n<p>Đặc biệt nhất ở chương III, ch&uacute;ng t&ocirc;i đ&atilde; ho&agrave;n thiện hệ thống những b&agrave;i tập, dạng to&aacute;n m&agrave; c&aacute;c em thường xuy&ecirc;n phải gặp trong những kỳ thi tuyển sinh lớp 10. C&aacute;c phương ph&aacute;p để giải n&oacute; ch&uacute;ng t&ocirc;i cũng nhắc lại đầy đủ. Thường l&agrave; những dạng to&aacute;n kh&oacute;, y&ecirc;u cầu c&oacute; t&iacute;nh xem x&eacute;t, tư duy cao độ. Nhưng thực tế n&oacute; l&agrave; những kh&aacute;i niệm m&agrave; ch&uacute;ng ta đ&atilde; học từ lớp dưới. Chẳng hạn: Chứng minh ba điểm thẳng h&agrave;ng, hai đường thẳng song song, vu&ocirc;ng g&oacute;c, g&oacute;c bằng nhau, trung điểm, t&igrave;m quỹ t&iacute;ch&hellip; Tất cả đều được gom v&agrave;o hệ thống b&agrave;i tập ở chủ đề 11.</p>\r\n\r\n<p>Cũng giống như c&aacute;ch viết s&aacute;ch của những quyển trước. Mỗi dạng to&aacute;n l&agrave; những chủ đề m&agrave; t&aacute;c giả ph&acirc;n chia. Trong mỗi chủ đề, ch&uacute;ng t&ocirc;i đều bố tr&iacute; phương ph&aacute;p v&agrave; b&agrave;i tập mẫu, tiếp đ&oacute; l&agrave; hệ thống b&agrave;i tập luyện tập v&agrave; n&acirc;ng cao. Cuối mỗi chương ch&uacute;ng t&ocirc;i cũng bố tr&iacute; những b&agrave;i to&aacute;n được kết xuất trong những kỳ thi tuyển sinh lớp 10 trong những năm gần đ&acirc;y.</p>\r\n\r\n<p>Cũng trong quyển s&aacute;ch n&agrave;y, t&aacute;c giả cũng đề xuất 20 đề thi tham khảo c&oacute; chất lượng được bố tr&iacute; ở cuối quyển s&aacute;ch. Điều n&agrave;y thực sự hữu &iacute;ch cho ch&uacute;ng ta c&oacute; thể tự m&igrave;nh tham khảo thử sức học thực sự của m&igrave;nh như thế n&agrave;o. V&agrave; cũng l&agrave; l&uacute;c ch&uacute;ng ta cần nh&igrave;n lại lượng kiến thức m&agrave; c&aacute;c em đ&atilde; lĩnh hội.&nbsp;</p>\r\n\r\n<p><strong>Mời bạn đ&oacute;n đọc.</strong></p>\r\n',135000,130000,255,'',1,0,'2016-08-31 14:25:53','2016-09-02 09:05:04'),(14,12,'Bộ Sách Giáo Khoa Lớp 10','bo-sach-giao-khoa-lop-10','26636_184181_p64128mbo.jpg','Bộ Sách Giáo Khoa Lớp 10','<p>Bộ s&aacute;ch gi&aacute;o khoa d&agrave;nh cho học sinh lớp 10, gồm c&aacute;c cuốn:</p>\r\n\r\n<p>1. Đại Số</p>\r\n\r\n<p>2. H&igrave;nh Học</p>\r\n\r\n<p>3. Vật L&iacute;</p>\r\n\r\n<p>4. Sinh Học</p>\r\n\r\n<p>5. H&oacute;a Học</p>\r\n\r\n<p>6. Ngữ Văn (Tập 1)</p>\r\n\r\n<p>7. Ngữ Văn (Tập 2)</p>\r\n\r\n<p>8. Lịch Sử</p>\r\n\r\n<p>9. Địa L&iacute;</p>\r\n\r\n<p>10. Gi&aacute;o Dục C&ocirc;ng D&acirc;n</p>\r\n\r\n<p>11. C&ocirc;ng Nghệ</p>\r\n\r\n<p>12. Tiếng Anh</p>\r\n\r\n<p>13. Tin Học</p>\r\n\r\n<p>14. GDQP An Ninh</p>\r\n\r\n<p><strong>Mời bạn đ&oacute;n đọc.</strong></p>\r\n\r\n<div>&nbsp;</div>\r\n',140000,130000,200,'',1,0,'2016-08-31 14:27:41','2016-09-02 09:04:31'),(15,3,'Đặc khảo Hò Huế','dac-khao-ho-hue','15996_9759_p15906.jpg','nhạc dân tộc xứ huế','<p><span style=\"color:rgb(85, 85, 85); font-family:robotoslab; font-size:17px\">Đ&acirc;y l&agrave; một c&ocirc;ng tr&igrave;nh m&agrave; t&aacute;c giả kh&ocirc;ng những đ&atilde; dấn th&acirc;n v&agrave;o m&ocirc;i trường h&ograve; h&aacute;t ở xứ Huế, m&agrave; c&ograve;n bỏ ra h&agrave;ng chục năm sưu tầm, nghi&ecirc;n cứu. Về nội dung Đặc Khảo H&ograve; Huế, ngo&agrave;i việc t&igrave;m hiểu về địa l&yacute;, lịch sử, văn h&oacute;a xứ Huế, diện mạo của H&ograve; Huế, t&aacute;c giả lần lượt khảo s&aacute;t, ph&acirc;n t&iacute;ch từng th&agrave;nh tố của thể loại n&agrave;y</span></p>\r\n\r\n<h3><strong>Mời bạn đ&oacute;n đọc.</strong></h3>\r\n',100000,90000,100,'',1,1,'2016-08-31 16:21:56','2016-09-05 15:49:28'),(16,12,'Chiến Lược Giải Toán','chien-luoc-giai-toan','12849_224211_p70227mbiatruoc.jpg','sách chuyên về toán học','<p>Bộ s&aacute;ch&nbsp;<strong><em>Chiến lược giải to&aacute;n</em></strong>&nbsp;sẽ gi&uacute;p học sinh ph&aacute;t triển kỹ năng tư duy to&aacute;n học v&agrave; mở mang hiểu biết của c&aacute;c em về c&aacute;c kh&aacute;i niệm v&agrave; c&ocirc;ng thức to&aacute;n học. Mỗi cuốn s&aacute;ch sẽ đưa ra phần thực h&agrave;nh phong ph&uacute; dựa tr&ecirc;n v&ocirc; số c&aacute;c b&agrave;i to&aacute;n luyện tập h&agrave;ng ng&agrave;y.</p>\r\n\r\n<p>Những chủ đề được lựa chọn theo từng lớp dựa tr&ecirc;n chương tr&igrave;nh học mới nhất. Những v&iacute; dụ về c&aacute;c b&agrave;i to&aacute;n đố đi k&egrave;m với c&aacute;ch giải theo từng bước một để thể hiện cả quy tr&igrave;nh giải quyết b&agrave;i to&aacute;n. Trong bộ s&aacute;ch&nbsp;<strong><em>Chiến lược giải to&aacute;n</em></strong>&nbsp;c&ograve;n c&oacute; c&aacute;c Ghi nhớ. Những ghi nhớ n&agrave;y đ&aacute;nh dấu những kh&aacute;i niệm v&agrave; c&ocirc;ng thức to&aacute;n quan trọng v&agrave; c&oacute; li&ecirc;n quan.</p>\r\n\r\n<p>C&aacute;c em cũng sẽ thấy những b&agrave;i to&aacute;n kh&oacute; được đ&aacute;nh dấu hoa thị trong từng chủ đề. Những b&agrave;i to&aacute;n kh&oacute; n&agrave;y gi&uacute;p học sinh c&oacute; thể n&acirc;ng cao khả năng của m&igrave;nh trong tư duy kh&oacute; dần từng bước một. Phần &ocirc;n tập đưa ra đ&aacute;nh gi&aacute; to&agrave;n diện về qu&aacute; tr&igrave;nh học tập của c&aacute;c em về c&aacute;c kh&aacute;i niệm to&aacute;n học.</p>\r\n\r\n<p>C&aacute;c em sẽ thấy bộ s&aacute;ch n&agrave;y rất hữu &iacute;ch kh&ocirc;ng chỉ trong việc chuẩn bị cho những kỳ thi của m&igrave;nh.</p>\r\n\r\n<p><em><strong>- Francis Teo</strong></em></p>\r\n\r\n<p><strong>Mời bạn đ&oacute;n đọc.</strong></p>\r\n',148000,145000,228,'',1,1,'2016-08-31 17:24:05','2016-09-05 15:49:28'),(17,4,'36 Ngày Biết Đệm Guitar','36-ngay-biet-dem-guitar','790_186675_p64528m36ngaybietdemguitar.jpg','“36 ngày biết đệm guitar” là một trong số ba cuốn sách dạy đệm guitar ở trình độ cơ bản, do tác giả Song Minh biên soạn. Cùng với “30 ngày biết đệm guitar” và “45 ngày biết đệm guitar”, cuốn sách này sẽ góp thêm kiến thức, kỹ năng, hướng dẫn các bạn luyện tập hầu hết những tiết tấu nhạc nhẹ thông dụng.','<p><strong>&ldquo;36 ng&agrave;y biết đệm guitar&rdquo;</strong>&nbsp;l&agrave; một trong số ba cuốn s&aacute;ch dạy đệm guitar ở tr&igrave;nh độ cơ bản, do t&aacute;c giả Song Minh bi&ecirc;n soạn. C&ugrave;ng với &ldquo;30 ng&agrave;y biết đệm guitar&rdquo; v&agrave; &ldquo;45 ng&agrave;y biết đệm guitar&rdquo;, cuốn s&aacute;ch n&agrave;y sẽ g&oacute;p th&ecirc;m kiến thức, kỹ năng, hướng dẫn c&aacute;c bạn luyện tập hầu hết những tiết tấu nhạc nhẹ th&ocirc;ng dụng.</p>\r\n\r\n<p>Giống như hai cuốn s&aacute;ch đ&atilde; xuất bản,&nbsp;<strong>&ldquo;36 ng&agrave;y biết đệm guitar&rdquo;</strong>&nbsp;gồm 36 b&agrave;i học được bi&ecirc;n soạn theo tr&igrave;nh độ tăng dần từ dễ đến kh&oacute; với phương ph&aacute;p diễn giải tỉ mỉ, cụ thể v&agrave; khoa học. Th&ocirc;ng qua nhiều t&igrave;nh kh&uacute;c l&atilde;ng mạn v&agrave; đặc sắc, cuốn s&aacute;ch từng bước hướng dẫn những người y&ecirc;u th&iacute;ch đ&agrave;n guitar luyện tập th&ecirc;m c&aacute;c tiết điệu chậm, trữ t&igrave;nh như: Slow, Slow Soul, Slow Rock, Slow Blues hay vui tươi, sinh động như Rap, Twist, đồng thời tiếp tục gi&uacute;p người học cải thiện tư duy h&ograve;a thanh v&agrave; c&aacute;c kỹ thuật đệm cơ bản, nhất l&agrave; kỹ thuật rải hợp &acirc;m. Đặc biệt, trong CD qu&agrave; tặng, học vi&ecirc;n sẽ được nghe c&aacute;c track &acirc;m thanh m&ocirc; phỏng từng điệu nhạc; nghe phần đệm mẫu to&agrave;n bộ ca kh&uacute;c bi&ecirc;n soạn trong s&aacute;ch, đ&acirc;y ch&iacute;nh l&agrave; những minh hoạc cụ thể nhất gi&uacute;p bạn dễ mường tượng ra c&aacute;ch đệm c&aacute;c tiết điệu tr&ecirc;n c&acirc;y đ&agrave;n guitar.</p>\r\n\r\n<p>Đ&aacute;p ứng y&ecirc;u cầu của nhiều độc giả, trong thời gian tới, ch&uacute;ng t&ocirc;i sẽ tiếp tục xuất bản bộ s&aacute;ch &ldquo;Thực h&agrave;nh đệm guitar&rdquo; (dự kiến gồm 3 tập) của c&ugrave;ng t&aacute;c giả nhằm bổ sung th&ecirc;m nhiều t&igrave;nh kh&uacute;c l&atilde;ng mạn bất hủ hoặc đang thịnh h&agrave;nh cho những người y&ecirc;u th&iacute;ch đệm guitar.</p>\r\n\r\n<p><strong>Mời bạn đ&oacute;n đọc.</strong></p>\r\n',85000,77000,168,'',1,1,'2016-09-03 03:53:12','2016-09-05 15:49:28'),(18,4,'30 Ngày Biết Đệm Guitar (Kèm CD)','30-nga-y-bie-t-de-m-guitar-ke-m-cd-','13463_39782_46325.jpg','Vậy, chúng ta nên bắt đầu đầu từ đâu?','<p><strong>V&acirc;̣y, chúng ta n&ecirc;n bắt đ&acirc;̀u đ&acirc;̀u từ đ&acirc;u?&nbsp;<img alt=\"angry\" src=\"http://localhost:8080/laravel-sach/public/admin/js/ckeditor/plugins/smiley/images/angry_smile.png\" style=\"height:23px; width:23px\" title=\"angry\" /></strong></p>\r\n\r\n<p>Mu&ocirc;́n bi&ecirc;́t đ&ecirc;̣m và đ&ecirc;̣m t&ocirc;́t c&acirc;y đàn guitar, chúng ta phải từng bước làm t&ocirc;́t c&ocirc;ng vi&ecirc;̣c sau:</p>\r\n\r\n<p>1. Nắm chắc m&ocirc;̣t s&ocirc;́ ki&ecirc;́n thức &acirc;m nhạc đ&ecirc;̉ đọc bản nhạc: có người kh&ocirc;ng vi&ecirc;́t n&ocirc;́t nhạc nhưng v&acirc;̃n có th&ecirc;̉ đ&ecirc;̣m hát bằng ki&ecirc;̉u&quot; chuy&ecirc;̀n tay&quot;. Tuuy nhi&ecirc;n, đ&ecirc;̉ khả năng đ&ecirc;̣m hát hình thành thì nh&acirc;́t thi&ecirc;́t bạn phải có ki&ecirc;́n thức &acirc;m nhạc.</p>\r\n\r\n<p>2. T&acirc;̣p b&acirc;́m và chuy&ecirc;̉n linh hoạt các hợp &acirc;m: trong các ca khúc có bi&ecirc;n soạn ph&acirc;̀n đ&ecirc;̣m, chúng ta thường gặp các chữ cái như: C,F, Am, Dm,G7 ghi phía tr&ecirc;n khu&ocirc;ng nhạc. Đó là ký hi&ecirc;̣u của các hợp &acirc;m..</p>\r\n\r\n<p>3. Luy&ecirc;̣n t&acirc;̣p nhu&acirc;̀n nhuy&ecirc;̃n các &acirc;m hình đ&ecirc;̣m: &acirc;m hình đ&ecirc;̣m là m&ocirc;̣t nhóm ti&ecirc;́t t&acirc;́u được lặp đi lặp lại theo chu kì</p>\r\n\r\n<p>4. Thực hành đ&ecirc;̣m t&ocirc;́t từng ca khúc: đ&ecirc;̉ giúp các bạn hình dung ra hòa &acirc;m của m&ocirc;̃i bài đ&ecirc;̣m.</p>\r\n\r\n<p><strong>Mời bạn đón đọc.</strong></p>\r\n',78000,74000,188,'',1,1,'2016-09-03 03:56:00','2016-09-05 15:49:28'),(19,4,'15 Ngày Biết Đàn Mandolin','15-ngay-biet-dan-mandolin','22694_42060_48603.jpg','Mandolin là nhạc cụ dây thuộc họ đàn lute, xuất xứ từ Châu Âu. Cây đàn mandolin hiện đại được phổ biến khắp thế giới có nguồn gốc từ vùng Naples, Italia, vào thế kỷ 18, với tên gọi mandolino.','<p>Mandolin l&agrave; nhạc cụ d&acirc;y thuộc họ đ&agrave;n lute, xuất xứ từ Ch&acirc;u &Acirc;u. C&acirc;y đ&agrave;n mandolin hiện đại được phổ biến khắp thế giới c&oacute; nguồn gốc từ v&ugrave;ng Naples, Italia, v&agrave;o thế kỷ 18, với t&ecirc;n gọi mandolino. &Acirc;m vực của c&acirc;y đ&agrave;n mandolin thuộc khu vực soprano (giọng nữ cao) trong họ lute, v&agrave; mỗi khi thảm &acirc;m thanh rộn r&atilde; vui tươi của n&oacute; cất l&ecirc;n l&agrave; cả một niềm hứng khởi tr&agrave;n ngập.</p>\r\n\r\n<p>Với c&aacute;c thủ ph&aacute;p gảy ng&oacute;n v&agrave; tremolo, c&acirc;y mandolin đ&atilde; tạo n&ecirc;n &acirc;m sắc độc đ&aacute;o trong những t&aacute;c phẩm h&ograve;a tấu cổ điển cũng như nhiều thể loại &acirc;m nhạc đặc sắc: country, bluegrass, folk music...</p>\r\n\r\n<p>Cuốn s&aacute;ch n&agrave;y sẽ gi&uacute;p bạn học c&aacute;ch chơi mandolin với những b&agrave;i giảng r&otilde; r&agrave;ng, dễ hiểu, kể cả phần &ocirc;n tập nhạc l&yacute; cơ bản v&agrave; những bản nhạc nước ngo&agrave;i được viết ri&ecirc;ng cho nhạc cụ n&agrave;y. Bạn sẽ tận hưởng niềm hứng khởi đặc trưng của &acirc;m thanh c&acirc;y đ&agrave;n mandolin ngay từ những b&agrave;i học đầu ti&ecirc;n.</p>\r\n\r\n<p><strong>Mời bạn đ&oacute;n đọc.</strong></p>\r\n',40000,38000,96,'',1,1,'2016-09-03 04:00:11','2016-09-07 02:23:02'),(20,4,'Kỹ Thuật Solo Guitar ','ky-thuat-solo-guitar','29293_47830_54373.jpg','Cuốn sách này ra đời nhằm đáp ứng nhu cầu hoàn thiện các kỹ thuật cơ bản khi chơi solo guitar.','<p>Cuốn s&aacute;ch n&agrave;y ra đời nhằm đ&aacute;p ứng nhu cầu ho&agrave;n thiện c&aacute;c kỹ thuật cơ bản khi chơi solo guitar. Ngo&agrave;i ra s&aacute;ch cũng bổ sung th&ecirc;m phần kỹ thuật n&acirc;ng cao m&agrave; c&aacute;c tay guitar bậc thầy thường sử dụng như: Sweeping (qu&eacute;t d&acirc;y), Tapping (chấm d&acirc;y), hay Legato, Alternate Picking... Cộng với phần hợp &acirc;m v&agrave; scale mode phong ph&uacute;, gi&uacute;p c&aacute;c bạn tự ho&agrave;n thiện kỹ năng v&agrave; c&oacute; thể tự viết c&acirc;u solo cho ri&ecirc;ng m&igrave;nh.</p>\r\n\r\n<p><strong>Mời bạn đ&oacute;n đọc</strong>.</p>\r\n',60000,48000,160,'',1,1,'2016-09-03 04:01:50','2016-09-05 15:49:29'),(21,4,'Tuyển Tập Tác Phẩm Piano Cổ Điển Được Yêu Thích - Phần 1 (Tặng Kèm CD - Rom)','tuye-n-ta-p-ta-c-pha-m-piano-co-die-n-duo-c-yeu-thi-ch-pha-n-1-ta-ng-ke-m-cd-rom-','12955_39394_45937.jpg','Nhạc sĩ, nhà giáo, nghệ sĩ piano Lê Dũng là một trong những nghệ sĩ đầu tiên của Việt Nam theo học đàn Piano. Ông đã được các bậc thầy về Piano như: NSND Thái Thị Liên, Vũ Thị Hiển, NSƯT Tuyết Minh,...','<p>Nhạc sĩ, nh&agrave; gi&aacute;o, nghệ sĩ piano L&ecirc; Dũng l&agrave; một trong những nghệ sĩ đầu ti&ecirc;n của Việt Nam theo học đ&agrave;n Piano. &Ocirc;ng đ&atilde; được c&aacute;c bậc thầy về Piano như: NSND Th&aacute;i Thị Li&ecirc;n, Vũ Thị Hiển, NSƯT Tuyết Minh,...c&ugrave;ng c&aacute;c chuy&ecirc;n gia Li&ecirc;n X&ocirc; như: I - Xắc K&eacute;t, Mi - Khai - Nốp - La... đ&agrave;o tạo v&agrave; bồi dưỡng một c&aacute;ch chuy&ecirc;n nghiệp v&agrave; b&agrave;i bản.</p>\r\n\r\n<p>Với nhiều năm kinh nghiệm biểu diễn, s&aacute;ng t&aacute;c v&agrave; giảng dạy, nhạc sĩ, nh&agrave; gi&aacute;o, nghệ sĩ piano L&ecirc; Dũng đ&atilde; bi&ecirc;n soạn kh&aacute; nhiều đầu s&aacute;ch tham khảo d&agrave;nh cho những người thực h&agrave;nh chơi đ&agrave;n Piano.</p>\r\n\r\n<p>Tuyển tập t&aacute;c phẩm piano cổ điển được y&ecirc;u th&iacute;ch bao gồm 2 phần, tập hợp 68 tuyệt phẩm Piano cổ điển nổi tiếng được rất nhiều người y&ecirc;u th&iacute;ch của c&aacute;c soạn giả lừng danh tr&ecirc;n thế giới như: M&eacute;lodie (Giai điệu) của R. Schumann, Sprring song (B&agrave;i ca m&ugrave;a xu&acirc;n) của W. A. Mozart, Sonatina (bản x&ocirc; - n&aacute;t nhỏ) của F. Spindler,...</p>\r\n\r\n<p><strong>Mời bạn đ&oacute;n đọc.</strong></p>\r\n',62000,58000,166,'',1,1,'2016-09-03 04:05:42','2016-09-05 15:49:29'),(22,4,'Tuyển Tập Tác Phẩm Piano Cổ Điển Được Yêu Thích - Phần 2 (Tặng Kèm CD - Rom)','tuye-n-ta-p-ta-c-pha-m-piano-co-die-n-duo-c-yeu-thi-ch-pha-n-2-ta-ng-ke-m-cd-rom-','4178_39395_45938.jpg','Nhạc sĩ, nhà giáo, nghệ sĩ piano Lê Dũng là một trong những nghệ sĩ đầu tiên của Việt Nam theo học đàn Piano.','<p>Nhạc sĩ, nh&agrave; gi&aacute;o, nghệ sĩ piano L&ecirc; Dũng l&agrave; một trong những nghệ sĩ đầu ti&ecirc;n của Việt Nam theo học đ&agrave;n Piano. &Ocirc;ng đ&atilde; được c&aacute;c bậc thầy về Piano như: NSND Th&aacute;i Thị Li&ecirc;n, Vũ Thị Hiển, NSƯT Tuyết Minh,...c&ugrave;ng c&aacute;c chuy&ecirc;n gia Li&ecirc;n X&ocirc; như: I - Xắc K&eacute;t, Mi - Khai - Nốp - La... đ&agrave;o tạo v&agrave; bồi dưỡng một c&aacute;ch chuy&ecirc;n nghiệp v&agrave; b&agrave;i bản.</p>\r\n\r\n<p>Với nhiều năm kinh nghiệm biểu diễn, s&aacute;ng t&aacute;c v&agrave; giảng dạy, nhạc sĩ, nh&agrave; gi&aacute;o, nghệ sĩ piano L&ecirc; Dũng đ&atilde; bi&ecirc;n soạn kh&aacute; nhiều đầu s&aacute;ch tham khảo d&agrave;nh cho những người thực h&agrave;nh chơi đ&agrave;n Piano.</p>\r\n\r\n<p><strong>Mời bạn đón đọc.</strong></p>\r\n',55000,52000,140,'',1,1,'2016-09-03 04:07:31','2016-09-05 15:49:29'),(23,4,'Tự Học Guitar Theo Phương Pháp Mới Đơn Giản - Dễ Hiểu (Tập 1) - Tái bản 06/2011','tu-hoc-guitar-theo-phuong-phap-moi-don-gian-de-hieu-tap-1-tai-ban-06-2011','12049_154035_p59179mbatrc.jpg','Guitar là một nhạc cụ được nhiều người yêu thích, khi học guitar, nếu người học có sẵn vốn nhạc lý căn bản thì thật dễ dàng. Với những người chưa biết rành nhạc lý nhưng lại muốn học ngay đàn Guitar thì sẽ gặp nhiều khó khăn. ','<p><span style=\"background-color:initial; color:rgb(85, 85, 85); font-size:14px\">Guitar l&agrave; một nhạc cụ được nhiều người y&ecirc;u th&iacute;ch, khi học guitar, nếu người học c&oacute; sẵn vốn nhạc l&yacute; căn bản th&igrave; thật dễ d&agrave;ng. Với những người chưa biết r&agrave;nh nhạc l&yacute; nhưng lại muốn học ngay đ&agrave;n Guitar th&igrave; sẽ gặp nhiều kh&oacute; khăn.&nbsp;</span></p>\r\n\r\n<p><span style=\"background-color:initial; color:rgb(85, 85, 85); font-size:14px\">Nội dung:</span></p>\r\n\r\n<p>- Lồng l&yacute; thuyết nhạc l&yacute; căn bản theo từng b&agrave;i tập đ&agrave;n guitar, đi từ dễ đến kh&oacute; dần.</p>\r\n\r\n<p>- B&agrave;i tập đ&agrave;n l&agrave; những b&agrave;i nhạc quen thuộc để người học tiếp thu nhanh ch&oacute;ng.</p>\r\n\r\n<p>- Ở mỗi b&agrave;i tập c&oacute; hướng dẫn c&aacute;ch diễn xuất của b&agrave;i nhạc, hướng dẫn đ&agrave;n từ cụm ph&iacute;m đ&agrave;n ở vị tr&iacute; thấp đến vị tr&iacute; cao.</p>\r\n\r\n<p>- C&aacute;ch đ&aacute;nh nốt v&agrave; đệm đ&agrave;n cho đ&uacute;ng nhịp.</p>\r\n\r\n<p>- B&agrave;i tập đ&agrave;n guitar được viết ở dạng khu&ocirc;n nhạc TAB để người học quen thuộc. Sau n&agrave;y c&oacute; khả năng tự tham khảo c&aacute;c b&agrave;i nhạc soạn ri&ecirc;ng cho guitar tr&ecirc;n tạp ch&iacute; nước ngo&agrave;i hoặc tr&ecirc;n internet.<span style=\"color:rgb(85, 85, 85); font-size:14px\">&nbsp;</span></p>\r\n\r\n<p>&nbsp;</p>\r\n\r\n<p><strong><strong>Mời bạn đ&oacute;n đọc.</strong></strong></p>\r\n',25000,24000,102,'',1,1,'2016-09-03 04:11:00','2016-09-05 15:49:29'),(24,4,'Lý thuyết âm nhạc','ly-thuye-t-am-nha-c','30264_39786_46329.jpg','Lý thuyết âm nhạc là một phương tiện rất quan trọng để bạn yêu nhạc tiếp cận với việc chơi nhạc lý hay biểu diễn bài hát. Tuy nhiên, không phải ai cũng thông thạo nhạc lý, bởi hệ thống lý thuyết âm nhạc mang tính kinh việt khá phức tạp.','<p>Lý thuy&ecirc;́t &acirc;m nhạc là m&ocirc;̣t phương ti&ecirc;̣n r&acirc;́t quan trọng đ&ecirc;̉ bạn y&ecirc;u nhạc ti&ecirc;́p c&acirc;̣n với vi&ecirc;̣c chơi nhạc lý hay bi&ecirc;̉u di&ecirc;̃n bài hát. Tuy nhi&ecirc;n, kh&ocirc;ng phải ai cũng th&ocirc;ng thạo nhạc lý, bởi h&ecirc;̣ th&ocirc;́ng lý thuy&ecirc;́t &acirc;m nhạc mang tính kinh vi&ecirc;̣t khá phức tạp.</p>\r\n\r\n<p>Đ&ecirc;̉ giúp bạn g&acirc;̀n gũi hơn với lý thuy&ecirc;́t &acirc;m nhạc. Cu&ocirc;́n sách tự học nhạc lý cơ bản , với cách di&ecirc;̃n giải tỉ mỉ, khoa học cùng nhi&ecirc;̀u ví dụ minh họa cụ th&ecirc;̉ và bài t&acirc;̣p thực hành phong phú cu&ocirc;́n sách sẽ giúp bạn d&ecirc;̃ dàng tìm hi&ecirc;̉u với ki&ecirc;́n thức &acirc;m nhạc.</p>\r\n\r\n<ul style=\"list-style-type:none\">\r\n	<li style=\"text-align:left\">Phương pháp trình bày khoa học.</li>\r\n	<li style=\"text-align:left\">Di&ecirc;̃n giải tỉ mỉ, chi ti&ecirc;́t</li>\r\n	<li style=\"text-align:left\">Nhi&ecirc;̀u ví dụ minh họa cụ th&ecirc;̉</li>\r\n	<li style=\"text-align:left\">Bài t&acirc;̣p thực hành phong phú.</li>\r\n</ul>\r\n\r\n<p><strong>Mời bạn đón đọc.</strong></p>\r\n',68000,54000,298,'',1,1,'2016-09-03 04:13:49','2016-09-05 17:03:09'),(25,21,'The Best SongBook Of All Time 2006','the-best-songbook-of-all-time-2006','25187_2547_7991.jpg','Tuyển tập The best song book of all time - bộ sưu tập đầy đủ nhất các ca khúc nổi tiếng, hay nhất của các tên tuổi lớn, các ca sĩ, ban nhạc lừng danh trên thế giới cùng các ca khúc mới đang được yêu thích hiện nay.','<p><span style=\"color:rgb(85, 85, 85); font-family:robotoslab; font-size:14px\">Tuyển tập&nbsp;</span><strong>The best song book of all time</strong><span style=\"color:rgb(85, 85, 85); font-family:robotoslab; font-size:14px\">&nbsp;- bộ sưu tập đầy đủ nhất c&aacute;c ca kh&uacute;c nổi tiếng, hay nhất của c&aacute;c t&ecirc;n tuổi lớn, c&aacute;c ca sĩ, ban nhạc lừng danh tr&ecirc;n thế giới c&ugrave;ng c&aacute;c ca kh&uacute;c mới đang được y&ecirc;u th&iacute;ch hiện nay. Tuyển tập n&agrave;y đ&atilde; được lựa chọn c&ocirc;ng phu c&aacute;c b&agrave;i h&aacute;t hay từ tất cả c&aacute;c cuốn Song Book từ trước đến giờ với c&aacute;c ca kh&uacute;c bất tử sống m&atilde;i với thời gian đượcmọi gnười ưa th&iacute;ch nhất qua nhi&ecirc;&ugrave; giai đoạn v&agrave; c&aacute;c b&agrave;i h&aacute;t đ&atilde; v&agrave; đang đứng đầu c&aacute;c bảng xếp hạng tr&ecirc;n thế giới. Ước mơng thực hiện của c&aacute;c t&aacute;c giả l&agrave; d&agrave;nh cho c&aacute;c bạn y&ecirc;u nhạc một tập s&aacute;ch thực sự c&oacute; tất cả c&aacute;c b&agrave;i m&igrave;nh th&iacute;ch. Mong rằng cuốn s&aacute;ch sẽ c&ugrave;ng chia sẻ những niềm vui c&ugrave;ng c&aacute;c bạn với c&aacute;c b&agrave;i h&aacute;t m&agrave; m&igrave;nh t&acirc;m đắc nhất.</span></p>\r\n\r\n<p><strong>Mời bạn đ&oacute;n đọc</strong><span style=\"color:rgb(85, 85, 85); font-family:robotoslab; font-size:14px\">.&nbsp;</span></p>\r\n',62000,60000,400,'',1,1,'2016-09-03 04:24:33','2016-09-05 15:49:29'),(26,21,'World Best Collection’s Song Book 2010','world-best-collection-s-song-book-2010','8731_42394_48937.jpg','Trước đây rất nhiều bạn đọc yêu nhạc mong muốn có nhạc và lời của tất cả các ca khúc nổi tiếng được yêu thích nhất trong một bộ sách.','<p>Trước đ&acirc;y rất nhiều bạn đọc y&ecirc;u nhạc mong muốn c&oacute; nhạc v&agrave; lời của tất cả c&aacute;c ca kh&uacute;c nổi tiếng được y&ecirc;u th&iacute;ch nhất trong một bộ s&aacute;ch.</p>\r\n\r\n<p>Một tập s&aacute;ch tuyển chọn kh&ocirc;ng chỉ đầy đủ nhạc v&agrave; lời, hợp &acirc;m đệm của c&aacute;c ca kh&uacute;c hay nhất trong lịch sử Pop-Rock thế giới m&agrave; cả những b&agrave;i h&aacute;t mới đang được y&ecirc;u th&iacute;ch nhất hiện nay. Tập s&aacute;ch thực sự sẽ l&agrave; một m&oacute;n qu&agrave; d&agrave;nh cho c&aacute;c bạn y&ecirc;u nhạc.</p>\r\n\r\n<p>Mục lục</p>\r\n\r\n<ul style=\"list-style-type:none\">\r\n	<li style=\"text-align:left\">Abracadabra</li>\r\n	<li style=\"text-align:left\">Adagio</li>\r\n	<li style=\"text-align:left\">Africa</li>\r\n	<li style=\"text-align:left\">All by myself</li>\r\n	<li style=\"text-align:left\">All for love</li>\r\n	<li style=\"text-align:left\">All the man that I Need</li>\r\n	<li style=\"text-align:left\">Alone</li>\r\n	<li style=\"text-align:left\">Alone again</li>\r\n	<li style=\"text-align:left\">Always</li>\r\n</ul>\r\n\r\n<p>...</p>\r\n\r\n<p><strong>Mời bạn đ&oacute;n đọc.</strong></p>\r\n',88000,70000,776,'',1,1,'2016-09-03 04:26:28','2016-09-05 15:49:29'),(27,21,'Classic Rock - Những Ca Khúc Bất Tử','classic-rock-nhung-ca-khuc-bat-tu','19278_8046_14124.jpg','Để giúp các bạn yêu thích âm nhạc có thể chơi và thưởng thức những ca khúc Classic Rock hay nhất, Nhà xuất bản Trẻ đã cho xuất bản cuốn The Rock And Roll Collection.','<p>Để gi&uacute;p c&aacute;c bạn y&ecirc;u th&iacute;ch &acirc;m nhạc c&oacute; thể chơi v&agrave; thưởng thức những ca kh&uacute;c Classic Rock hay nhất, Nh&agrave; xuất bản Trẻ đ&atilde; cho xuất bản cuốn The Rock And Roll Collection. Đ&acirc;y l&agrave; một tập hợp bao gồm những ca kh&uacute;c Rock kinh điển như: Addicted to love; All right now; American woman; Angie; Another o&shy;ne bites the dust; Back in the U.S.S.R; Bad case of loving you; Beast of burden; Blue sky; Born to be wild; v.v...</p>\r\n\r\n<p>Hy vọng cuốn s&aacute;ch sẽ đ&aacute;p ứng được phần n&agrave;o nhu cầu thưởng thức &acirc;m nhạc của đ&ocirc;ng đảo bạn đọc.</p>\r\n\r\n<p><strong>Mời bạn đón đọc.</strong></p>\r\n',22000,18000,255,'',1,0,'2016-09-03 04:28:24','2016-09-03 04:28:24'),(28,21,'The Best Of All Time Folk Songs & Country Songs (Kèm 1 CD)','the-best-of-all-time-folk-songs-country-songs-kem-1-cd-','423_48540_55083.jpg','Mục lục: Big Country Songs, Achy Beraky Heart, Have You Ever SeenThe Rain?...','<p><strong>Mục lục:</strong></p>\r\n\r\n<p><em><strong>Big Country Songs</strong></em></p>\r\n\r\n<ul>\r\n	<li>\r\n	<p>Achy Beraky Heart</p>\r\n	</li>\r\n	<li>\r\n	<p>Have You Ever SeenThe Rain?</p>\r\n	</li>\r\n	<li>\r\n	<p>Take Me Home, Country Roads</p>\r\n	</li>\r\n	<li>\r\n	<p>Handy Man</p>\r\n	</li>\r\n	<li>\r\n	<p>All I Have To Do Is Dream</p>\r\n	</li>\r\n	<li>\r\n	<p>Sutter&rsquo;s Mill</p>\r\n	</li>\r\n</ul>\r\n\r\n<p>&hellip;</p>\r\n\r\n<p><em><strong>Folk Songs&nbsp;</strong></em></p>\r\n\r\n<ul>\r\n	<li>\r\n	<p>Song Sung Blue</p>\r\n	</li>\r\n	<li>\r\n	<p>Devoted To You</p>\r\n	</li>\r\n	<li>\r\n	<p>You&rsquo;ve Got A Friend</p>\r\n	</li>\r\n	<li>\r\n	<p>If</p>\r\n	</li>\r\n	<li>\r\n	<p>Love Me Tender</p>\r\n	</li>\r\n</ul>\r\n\r\n<p>&hellip;</p>\r\n\r\n<p><em><strong>Love Songs</strong></em></p>\r\n\r\n<ul>\r\n	<li>\r\n	<p>Stay</p>\r\n	</li>\r\n	<li>\r\n	<p>Girl You Are My Love</p>\r\n	</li>\r\n	<li>\r\n	<p>Because I Love You</p>\r\n	</li>\r\n	<li>\r\n	<p>The One You Love</p>\r\n	</li>\r\n	<li>\r\n	<p>Hello</p>\r\n	</li>\r\n	<li>\r\n	<p>Casablanca</p>\r\n	</li>\r\n</ul>\r\n\r\n<p>&hellip;</p>\r\n\r\n<p><em>Gi&aacute; = (S&aacute;ch + 1 CD)</em></p>\r\n\r\n<p><strong>Mời bạn đ&oacute;n đọc.</strong></p>\r\n',58000,47000,184,'',1,0,'2016-09-03 04:30:40','2016-09-03 04:30:40'),(29,21,'Những Tác Phẩm Nước Ngoài Nổi Tiếng Soạn Cho Ghi-Ta','nhung-tac-pham-nuoc-ngoai-noi-tieng-soan-cho-ghi-ta','15968_24693_31151.jpg','Mục lục: Lời giới thiệu, Những ký hiệu dùng trong sách, Phần độc tấu, Hái chè, Nghệ sĩ với cây đàn','<p><strong>Mục lục:</strong></p>\r\n\r\n<p>Lời giới thiệu</p>\r\n\r\n<p>Những k&yacute; hiệu d&ugrave;ng trong s&aacute;ch</p>\r\n\r\n<p><strong>Phần độc tấu</strong></p>\r\n\r\n<p>H&aacute;i ch&egrave;</p>\r\n\r\n<p>Nghệ sĩ với c&acirc;y đ&agrave;n</p>\r\n\r\n<p>Spanish Tarantella</p>\r\n\r\n<p>Bour&eacute;e</p>\r\n\r\n<p>Waves of the Danube (S&oacute;ng s&ocirc;ng Đa-nu&yacute;p)</p>\r\n\r\n<p>Fur Elise (Thư gửi &Ecirc; - li)</p>\r\n\r\n<p>Ave Maria</p>\r\n\r\n<p>Chiều ngoại &ocirc; M&aacute;t-xcơ-va</p>\r\n\r\n<p>Come back to Soriento (Trở về Soriento)</p>\r\n\r\n<p>Tristesse (Nhạc buồn So-panh)</p>\r\n\r\n<p>Valse favorite (Điệu van-xơ ưa th&iacute;ch)</p>\r\n\r\n<p>Solveig&rsquo;s song (B&agrave;i ca n&agrave;ng Son-v&acirc;y)</p>\r\n\r\n<p>O sole mio (Mặt trời của t&ocirc;i)</p>\r\n\r\n<p>Nocturne&nbsp;&nbsp;(Dạ kh&uacute;c)</p>\r\n\r\n<p>R&ecirc;verie (Giấc mơ)</p>\r\n\r\n<p>B&ecirc;n d&ograve;ng suối</p>\r\n\r\n<p>D&acirc;n ca Ukraine</p>\r\n\r\n<p>Anh l&iacute;nh k&egrave;n</p>\r\n\r\n<p>Over the waves (Tr&ecirc;n những ngọn s&oacute;ng)</p>\r\n\r\n<p>Prelude (Kh&uacute;c dạo đầu)</p>\r\n\r\n<p>Recuerdos de la Alhambra (Ho&agrave;i niệm về A-lam-bra)</p>\r\n\r\n<p>T&acirc;m sự anh l&aacute;i xe ngựa (Nhạc d&acirc;n gian T&acirc;n Cương - Trung Quốc)</p>\r\n\r\n<p>Valse in G</p>\r\n\r\n<p>Etude in&nbsp;&nbsp;Chương</p>\r\n\r\n<p>&hellip;&hellip;</p>\r\n\r\n<p><strong>Phần h&ograve;a tấu</strong></p>\r\n\r\n<p>D&acirc;n vũ Nga</p>\r\n\r\n<p>Etude No.5</p>\r\n\r\n<p>Quay tơ (D&acirc;n ca Nga)</p>\r\n\r\n<p>Hoa Calina (D&acirc;n ca Nga)</p>\r\n\r\n<p>S&acirc;nt Lucia</p>\r\n\r\n<p>Romance (T&igrave;nh ca)</p>\r\n\r\n<p>Vũ kh&uacute;c Cu - ba</p>\r\n\r\n<p>Giai điệu &Aacute;c-hen-ti-na</p>\r\n\r\n<p>Danza Espagnola No.5</p>\r\n\r\n<p>Vũ kh&uacute;c T&acirc;y Ban Nha</p>\r\n\r\n<p>Marche&nbsp;militaires (H&agrave;nh kh&uacute;c qu&acirc;n đội)</p>\r\n\r\n<p><strong>Mời bạn đ&oacute;n đọc.</strong></p>\r\n',60000,48000,242,'',1,0,'2016-09-03 04:32:57','2016-09-03 04:32:57'),(30,22,'Hà Nội Nửa Đầu Thế Kỷ XX (Hộp 2 Cuốn)','ha-noi-nua-dau-the-ky-xx-hop-2-cuon-','7971_224680_p70369mhanoinuadau.jpg','“Đi săn tài liệu thật giống như anh chàng đi săn con chim, đi câu con cá, có phải đúng cái ngày ‘gặp gái’, cũng như có ngày gặp may không. Công phu chuẩn bị bản đồ, giấy tờ, tư liệu, đạp xe đường dài, đến nơi lại không gặp người định gặp.','<p>&ldquo;Đi săn t&agrave;i liệu thật giống như anh ch&agrave;ng đi săn con chim, đi c&acirc;u con c&aacute;, c&oacute; phải đ&uacute;ng c&aacute;i ng&agrave;y &lsquo;gặp g&aacute;i&rsquo;, cũng như c&oacute; ng&agrave;y gặp may kh&ocirc;ng. C&ocirc;ng phu chuẩn bị bản đồ, giấy tờ, tư liệu, đạp xe đường d&agrave;i, đến nơi lại kh&ocirc;ng gặp người định gặp. Đi c&aacute;c l&agrave;ng ngoại th&agrave;nh mới mất c&ocirc;ng chứ: họ đi họp, đi chơi vắng nh&agrave;. Bực m&igrave;nh nhất l&agrave; gặp những người m&igrave;nh đặt nhiều hy vọng, m&agrave; khi gặp th&igrave; c&oacute; người kh&ocirc;ng chịu n&oacute;i: &lsquo;B&acirc;y giờ chuyện b&aacute;t gạo mớ rau no c&aacute;i bụng đ&atilde;, rỗi hơi đ&acirc;u m&agrave; nhắc lại chuyện đời xưa!&rsquo; C&oacute; người lại qu&aacute; cảnh gi&aacute;c: &lsquo;Thời buổi n&agrave;y tin ai được. D&ograve; la chuyện &ocirc;ng cha nh&agrave; người ta để l&agrave;m g&igrave;?&rsquo;</p>\r\n\r\n<p>Một điều đ&aacute;ng quan t&acirc;m l&agrave; nhiều khi thấy m&igrave;nh r&otilde; r&agrave;ng l&agrave; chạy đua với thời gian. Hầu hết những người m&igrave;nh t&igrave;m hỏi đều tr&ecirc;n 70 tuổi, c&oacute; người đ&atilde; ngo&agrave;i 90, c&aacute;i tuổi &lsquo;cổ lai hi&rsquo;, kh&ocirc;ng t&igrave;m hỏi nhanh, năm th&aacute;ng của họ như đếm tr&ecirc;n đầu ng&oacute;n tay, họ mất đi th&igrave; c&ograve;n đ&acirc;u nh&acirc;n chứng. Những cảnh &lsquo;ngọn đ&egrave;n trước gi&oacute;&rsquo; thật đ&aacute;ng ngại... Thật l&agrave; chạy đua với Thần Chết chứ kh&ocirc;ng c&ograve;n chạy đua với thời gian. Nhiều cụ người ta giới thiệu cho t&ocirc;i, t&igrave;m đến nơi th&igrave; c&aacute;c cụ kh&ocirc;ng c&ograve;n nữa. Như sư b&agrave; ch&ugrave;a Thạch Khối Bến Nứa, biết từ khi T&acirc;y x&acirc;y m&oacute;ng cầu S&ocirc;ng C&aacute;i, chỗ đầu H&agrave;ng Đậu, Bến Nứa, b&ecirc;n ngo&agrave;i chợ Đồng Xu&acirc;n thế n&agrave;o, pho sử sống về H&agrave; Nội đ&oacute;, cụ đ&atilde; đem về thế giới b&ecirc;n kia.</p>\r\n\r\n<p>Tuy nhi&ecirc;n, &lsquo;người bỏ c&ocirc;ng th&igrave; trời chẳng phụ&rsquo;. N&oacute;i chung, khi biết đến c&ocirc;ng việc của t&ocirc;i đang l&agrave;m, th&igrave; thường ai gặp t&ocirc;i cũng nhiệt t&igrave;nh gi&uacute;p đỡ. Do vậy m&agrave; t&ocirc;i đ&atilde; hỏi chuyện được tr&ecirc;n 350 người v&agrave; ghi được ng&oacute;t bốn mươi quyển vở những tư liệu rất tốt, bổ sung cho tư liệu lấy trong s&aacute;ch in đọc ở thư viện.</p>\r\n\r\n<p>Tất cả những bạn quen từ l&acirc;u hay mới biết về sau, c&oacute; người d&ugrave; chỉ gặp một lần, t&ocirc;i đều coi như đồng t&aacute;c giả của bộ s&aacute;ch n&agrave;y.&rdquo;</p>\r\n\r\n<p><em><strong>- Nguyễn Văn Uẩn</strong></em></p>\r\n\r\n<p><strong>Mời bạn đ&oacute;n đọc.</strong></p>\r\n',600000,450000,1596,'',1,0,'2016-09-03 05:03:38','2016-09-03 05:03:38'),(31,22,'Cuộc Đời Sau Tay Lái','cuoc-doi-sau-tay-lai','7200_225906_p70435mbt.jpg','Mục lục\r\nChương 1: Cuộc đời sau tay lái,...','<p><strong>Mục lục</strong></p>\r\n\r\n<p>Chương 1: Cuộc đời sau tay l&aacute;i</p>\r\n\r\n<p>Chương 2:&nbsp;Phận đời ngo&agrave;i lằn b&aacute;nh xe</p>\r\n\r\n<p>Chương 3:&nbsp;Gi&uacute;p bạn l&aacute;i tốt &ocirc;t&ocirc;</p>\r\n\r\n<p><strong>Mời bạn đ&oacute;n đọc.</strong></p>\r\n',69000,55000,174,'',1,0,'2016-09-03 05:05:19','2016-09-03 05:05:19'),(32,22,'Nhật Bản Đến Và Yêu','nhat-ban-den-va-yeu','14197_220011_p69604m004.jpg','Cuốn sách Nhật Bản đến và yêu của Dương Linh là một cẩm nang bổ ích giúp bạn trả lời những câu hỏi trên, để có thể vững tin sống và thật sự hạnh phúc trên đất Nhật Bản.','<p>Cuốn s&aacute;ch&nbsp;<strong><em>Nhật Bản đến v&agrave; y&ecirc;u</em></strong>&nbsp;của Dương Linh l&agrave; một cẩm nang bổ &iacute;ch gi&uacute;p bạn trả lời những c&acirc;u hỏi tr&ecirc;n, để c&oacute; thể vững tin sống v&agrave; thật sự hạnh ph&uacute;c tr&ecirc;n đất Nhật Bản.</p>\r\n\r\n<p>&ldquo;Một t&ocirc;i với những ng&agrave;y th&aacute;ng c&ograve;n xanh non với tiếng Nhật</p>\r\n\r\n<p>Một t&ocirc;i mang trong m&igrave;nh ước mơ v&agrave; kh&aacute;t khao đi Nhật.</p>\r\n\r\n<p>Một t&ocirc;i với đầy ắp những trải nghiệm đ&aacute;ng nhớ ở Nhật.</p>\r\n\r\n<p>Một t&ocirc;i chất chứa biết bao t&acirc;m sự, x&uacute;c cảm, ho&agrave;i niệm.</p>\r\n\r\n<p>Một t&ocirc;i trưởng th&agrave;nh sau 5 năm tr&ograve;n trĩnh ở Nhật&rdquo; (Dương Linh)</p>\r\n\r\n<p>&ldquo;Chỉ khi thấy thực sự y&ecirc;u một ai đ&oacute;, bạn mới muốn l&agrave;m nhiều điều cho người đ&oacute;. Ngoại ngữ cũng vậy, h&atilde;y coi n&oacute; như người y&ecirc;u của bạn, khi đ&oacute; bạn sẽ biết c&aacute;ch để chinh phục n&oacute;.&rdquo;</p>\r\n\r\n<p>Ước mơ kh&ocirc;ng ai đ&aacute;nh thuế, ước mơ l&agrave; v&ocirc; hạn, ta c&oacute; thể thoải m&aacute;i ước mơ, thoải m&aacute;i kỳ vọng v&agrave;o tương lai. Nhưng nếu như kh&ocirc;ng biết thu hẹp kh&aacute;i niệm &ldquo;Tương lai&rdquo; v&agrave;o th&igrave; v&ocirc; h&igrave;nh trung n&oacute; sẽ trở th&agrave;nh một m&agrave;ng nhện chăng tơ chằng chịt l&agrave;m rối ch&iacute;nh ta. Cũng giống như l&agrave;m đề thi trắc nghiệm vậy, bạn đang ph&acirc;n v&acirc;n giữa hai đ&aacute;p &aacute;n. Thay v&igrave; ngồi vắt &oacute;c suy nghĩ h&atilde;y nghĩ rằng: Cứ chọn lấy một đ&aacute;p &aacute;n để kịp giờ v&agrave; tin v&agrave;o trực gi&aacute;c của bản th&acirc;n khi chọn đ&aacute;p &aacute;n bạn cho l&agrave; đ&uacute;ng hơn. Đừng cố t&igrave;m một bản đồ để tra đường khi ch&iacute;nh bạn cũng kh&ocirc;ng biết m&igrave;nh đang lạc ở đ&acirc;u. H&atilde;y đặt cho m&igrave;nh một mục ti&ecirc;u r&otilde; r&agrave;ng, đặt cho m&igrave;nh một c&aacute;i đ&iacute;ch để đến đ&atilde; rồi bước đi trong t&acirc;m thế của một người sẵn s&agrave;ng chấp nhận thử th&aacute;ch.</p>\r\n\r\n<p>Cuốn s&aacute;ch sẽ gi&uacute;p c&aacute;c bạn trẻ biết c&aacute;ch:</p>\r\n\r\n<p>+ Học giỏi tiếng Nhật</p>\r\n\r\n<p>+ T&igrave;m việc ở Nhật</p>\r\n\r\n<p>+ Sống tốt ở Nhật</p>\r\n\r\n<p><strong>Mời bạn đ&oacute;n đọc.</strong></p>\r\n',79000,56000,196,'',1,1,'2016-09-03 05:07:58','2016-09-06 03:53:30'),(33,22,'Ngày Đàng Sàng Khôn - Tập 1: Dọc Đường Đất Nước (Tái Bản 2016)','ngay-dang-sang-khon-tap-1-doc-duong-dat-nuoc-tai-ban-2016-','18004_219717_p69597mngaydangsangkhon1.jpg','Ngày Đàng Sàng Khôn của tác giả Nguyễn Văn Mỹ xuất bản lần đầu năm 2014 được bạn đọc đón nhận nồng nhiệt và gần như bán hết ngay trong đợt Hội sách thành phố, nay được tái bản với diện mạo mới. Sách vẫn gồm 02 tập:','<p><strong><em>Ng&agrave;y Đ&agrave;ng S&agrave;ng Kh&ocirc;n</em></strong>&nbsp;của t&aacute;c giả Nguyễn Văn Mỹ xuất bản lần đầu năm 2014 được bạn đọc đ&oacute;n nhận nồng nhiệt v&agrave; gần như b&aacute;n hết ngay trong đợt Hội s&aacute;ch th&agrave;nh phố, nay được t&aacute;i bản với diện mạo mới. S&aacute;ch vẫn gồm 02 tập:</p>\r\n\r\n<p>- Tập 1: Dọc đường đất nước l&agrave; những v&ugrave;ng đất trải d&agrave;i từ Bắc tới Nam của Việt Nam. Từ bất ngờ Đồng Nai, bất ngờ Ninh Thuận k&eacute;o đến Cần Thơ điểm hẹn kỳ th&uacute;, xuống Diệu kỳ v&ugrave;ng đất C&agrave; Mau rồi v&ograve;ng l&ecirc;n với Cổ t&iacute;ch đ&aacute; ở động Thi&ecirc;n Đường, l&ecirc;n Fasipan đỉnh cao kh&aacute;t vọng&hellip; Mỗi nơi l&agrave; một dấu ấn, đầy ắp tư liệu, lấp l&aacute;nh văn ho&aacute; c&oacute; sức hấp dẫn lạ thường cho những ai y&ecirc;u du lịch v&agrave; kh&aacute;m ph&aacute;.</p>\r\n\r\n<p>- Tập 2: Thế giới lạ m&agrave; quen lại mở ra những v&ugrave;ng đất mới: Ả Rập huyền b&iacute;, Copenhagen thủ đ&ocirc; N&agrave;ng Ti&ecirc;n C&aacute;, thi&ecirc;n đường Disneyland, kinh đ&ocirc; giải tr&iacute; Hollywood, xứ sở Iran của Ng&agrave;n lẻ một đ&ecirc;m&hellip; D&ugrave; mới mẻ, lạ lẫm cho những ai chưa đi, nhưng vẫn cứ quen quen qua từng trang truyện cổ.&nbsp;</p>\r\n\r\n<p>L&agrave; gi&aacute;m đốc của C&ocirc;ng ty du lịch d&atilde; ngoại Lửa Việt, Nguyễn Văn Mỹ c&oacute; nhiều cơ hội đi đ&oacute; đi đ&acirc;y, nh&igrave;n v&agrave; cảm nhận cuộc sống, khung cảnh, con người. Những trang viết của anh kh&ocirc;ng theo thể loại n&agrave;o nhất định, chỉ l&agrave; &ldquo;đi, thấy, nghe, cảm v&agrave; viết&rdquo; theo c&aacute;ch của ri&ecirc;ng m&igrave;nh, c&oacute; điều c&aacute;ch ri&ecirc;ng ấy chạm đến nhiều tr&aacute;i tim v&agrave; c&oacute; nhiều đồng cảm. Với anh, &ldquo;cuộc sống l&agrave; những chuyến đi, c&ograve;n đi l&agrave; c&ograve;n sống, c&ograve;n sống l&agrave; c&ograve;n đi&rdquo;.</p>\r\n\r\n<p><strong>Mời bạn đ&oacute;n đọc.</strong></p>\r\n',85000,68000,424,'',1,0,'2016-09-03 05:11:03','2016-09-03 05:11:03'),(34,22,'Ngày Đàng Sàng Khôn - Tập 2: Thế Giới Lạ Mà Quen (Tái Bản 2016)','ngay-dang-sang-khon-tap-2-the-gioi-la-ma-quen-tai-ban-2016-','11125_219724_p69598mngaydangsangkhon2.jpg','Ngày Đàng Sàng Khôn của tác giả Nguyễn Văn Mỹ xuất bản lần đầu năm 2014 được bạn đọc đón nhận nồng nhiệt và gần như bán hết ngay trong đợt Hội sách thành phố, nay được tái bản với diện mạo mới. Sách vẫn gồm 02 tập:','<p><strong><em>Ng&agrave;y Đ&agrave;ng S&agrave;ng Kh&ocirc;n</em></strong>&nbsp;của t&aacute;c giả Nguyễn Văn Mỹ xuất bản lần đầu năm 2014 được bạn đọc đ&oacute;n nhận nồng nhiệt v&agrave; gần như b&aacute;n hết ngay trong đợt Hội s&aacute;ch th&agrave;nh phố, nay được t&aacute;i bản với diện mạo mới. S&aacute;ch vẫn gồm 02 tập:</p>\r\n\r\n<p>- Tập 1: Dọc đường đất nước l&agrave; những v&ugrave;ng đất trải d&agrave;i từ Bắc tới Nam của Việt Nam. Từ bất ngờ Đồng Nai, bất ngờ Ninh Thuận k&eacute;o đến Cần Thơ điểm hẹn kỳ th&uacute;, xuống Diệu kỳ v&ugrave;ng đất C&agrave; Mau rồi v&ograve;ng l&ecirc;n với Cổ t&iacute;ch đ&aacute; ở động Thi&ecirc;n Đường, l&ecirc;n Fasipan đỉnh cao kh&aacute;t vọng&hellip; Mỗi nơi l&agrave; một dấu ấn, đầy ắp tư liệu, lấp l&aacute;nh văn ho&aacute; c&oacute; sức hấp dẫn lạ thường cho những ai y&ecirc;u du lịch v&agrave; kh&aacute;m ph&aacute;.</p>\r\n\r\n<p>- Tập 2: Thế giới lạ m&agrave; quen lại mở ra những v&ugrave;ng đất mới: Ả Rập huyền b&iacute;, Copenhagen thủ đ&ocirc; N&agrave;ng Ti&ecirc;n C&aacute;, thi&ecirc;n đường Disneyland, kinh đ&ocirc; giải tr&iacute; Hollywood, xứ sở Iran của Ng&agrave;n lẻ một đ&ecirc;m&hellip; D&ugrave; mới mẻ, lạ lẫm cho những ai chưa đi, nhưng vẫn cứ quen quen qua từng trang truyện cổ.&nbsp;</p>\r\n\r\n<p>L&agrave; gi&aacute;m đốc của C&ocirc;ng ty du lịch d&atilde; ngoại Lửa Việt, Nguyễn Văn Mỹ c&oacute; nhiều cơ hội đi đ&oacute; đi đ&acirc;y, nh&igrave;n v&agrave; cảm nhận cuộc sống, khung cảnh, con người. Những trang viết của anh kh&ocirc;ng theo thể loại n&agrave;o nhất định, chỉ l&agrave; &ldquo;đi, thấy, nghe, cảm v&agrave; viết&rdquo; theo c&aacute;ch của ri&ecirc;ng m&igrave;nh, c&oacute; điều c&aacute;ch ri&ecirc;ng ấy chạm đến nhiều tr&aacute;i tim v&agrave; c&oacute; nhiều đồng cảm. Với anh, &ldquo;cuộc sống l&agrave; những chuyến đi, c&ograve;n đi l&agrave; c&ograve;n sống, c&ograve;n sống l&agrave; c&ograve;n đi&rdquo;.</p>\r\n\r\n<p><strong>Mời bạn đ&oacute;n đọc.</strong></p>\r\n',88000,70000,442,'',1,0,'2016-09-03 05:12:15','2016-09-03 05:12:15'),(35,23,'Truyện Cổ Grimm','truyen-co-grimm','22282_227692_p70829mimg889.jpg','Jacob Grimm (4/1/1785 - 20/9/1863) , Wilhelm Hauff (24/2/1786 - 16/12/1859).\r\nHai anh em Grimm là hai nhà ngôn ngữ học và nghiên cứu văn học dân gian, người Đức, họ được biết tới nhiều nhất','<p>Jacob Grimm (4/1/1785 - 20/9/1863)</p>\r\n\r\n<p>Wilhelm Hauff (24/2/1786 - 16/12/1859)</p>\r\n\r\n<p>Hai anh em Grimm l&agrave; hai nh&agrave; ng&ocirc;n ngữ học v&agrave; nghi&ecirc;n cứu văn học d&acirc;n gian, người Đức, họ được biết tới nhiều nhất với việc xuất bản c&aacute;c bộ sưu tập truyện d&acirc;n gian v&agrave; truyện cổ t&iacute;ch, trong đ&oacute; c&oacute; nhiều truyện nổi tiếng v&agrave; phổ biến tr&ecirc;n thế giới như N&agrave;ng Bạch Tuyết, C&ocirc; b&eacute; Lọ Lem, Hansel v&agrave; Gretel, N&agrave;ng c&ocirc;ng ch&uacute;a ngủ trong rừng v&agrave; C&ocirc; b&eacute; qu&agrave;ng khăn đỏ.</p>\r\n\r\n<p><strong>Mời bạn đ&oacute;n đọc.</strong></p>\r\n',180000,140000,400,'',1,0,'2016-09-03 05:22:37','2016-09-03 05:22:37'),(36,23,'Truyện Cổ Andersen','truyen-co-andersen','29450_227675_p70828mimg881.jpg','Hans Christian Andersen. Người ta gọi ông là \"người kể chuyện cổ tích\". Còn ông tự nhận mình \"giống như người dân miền núi đục vào vách đá những bậc thang\" để \"chậm chạp và khó nhọc tìm lấy một chỗ đứng của mình trong văn học\".','<p><strong>Hans Christian Andersen</strong></p>\r\n\r\n<p>Người ta gọi &ocirc;ng l&agrave; &quot;người kể chuyện cổ t&iacute;ch&quot;. C&ograve;n &ocirc;ng tự nhận m&igrave;nh &quot;giống như người d&acirc;n miền n&uacute;i đục v&agrave;o v&aacute;ch đ&aacute; những bậc thang&quot; để &quot;chậm chạp v&agrave; kh&oacute; nhọc t&igrave;m lấy một chỗ đứng của m&igrave;nh trong văn học&quot;. &Ocirc;ng l&agrave; thi&ecirc;n t&agrave;i kể chuyện cổ t&iacute;ch:&nbsp;Hans Christian Andersen (1805 - 1875). Đất nước Đan Mạch chọn &ocirc;ng l&agrave;m biểu trưng v&agrave; cũng tự gọi m&igrave;nh l&agrave; đất nước của&nbsp;Andersen, đất nước của &quot;n&agrave;ng ti&ecirc;n c&aacute; nhỏ&quot;. &Ocirc;ng l&agrave; t&aacute;c giả Đan Mạch kiệt xuất thế kỷ XIX.</p>\r\n\r\n<p>Andersen viết nhiều thể loại, từ du h&iacute;, kịch, tiểu thuyết, thơ nhưng nổi nhất vẫn l&agrave; truyện. Truyện của &ocirc;ng kh&ocirc;ng chỉ được độc giả tr&ecirc;n cả thế giới biết đến m&agrave; cho tới tận b&acirc;y giờ n&oacute; vẫn c&ograve;n để lại trong l&ograve;ng người đọc những ấn tượng s&acirc;u sắc cho d&ugrave; rất nhiều thế hệ đ&atilde; đi qua.</p>\r\n\r\n<p><strong>Mời bạn đ&oacute;n đọc.</strong></p>\r\n',135000,108000,608,'',1,0,'2016-09-03 05:24:49','2016-09-03 05:24:49'),(37,23,'Thần Thoại Hy Lạp - Tập 18: Trở Về I-tác','than-thoai-hy-lap-tap-18-tro-ve-i-tac','19323_33489_40030.jpg','Một trong những bộ thần thoại vĩ đại và nổi tiếng nhất của nhân loại đến với bạn qua bộ truyện tranh màu ngộ nghĩnh, sống động và hấp dẫn.','<p>Một trong những bộ thần thoại vĩ đại v&agrave; nổi tiếng nhất của nh&acirc;n loại đến với bạn qua bộ truyện tranh m&agrave;u ngộ nghĩnh, sống động v&agrave; hấp dẫn. Mỗi tập truyện l&agrave; một c&acirc;u chuyện về thế giới b&iacute; ẩn v&agrave; huyền diệu của những vị thần vĩ đại tr&ecirc;n đỉnh Olympia, những vị anh h&ugrave;ng trần gian, những qu&aacute;i vật v&agrave; người khổng lồ...được t&aacute;i hiện qua những trang tranh truyện m&agrave;u...</p>\r\n\r\n<p><strong>Mời bạn đ&oacute;n đọc.</strong></p>\r\n',50000,49000,196,'',1,0,'2016-09-03 05:26:35','2016-09-03 05:26:35'),(38,23,'Thần Thoại Hy Lạp - Tập 15: Hành Trình Trở Về Của Ô-đy-xê','than-thoai-hy-lap-tap-15-hanh-trinh-tro-ve-cua-o-dy-xe','14203_33486_40027.jpg','Một trong những bộ thần thoại vĩ đại và nổi tiếng nhất của nhân loại đến với bạn qua bộ truyện tranh màu ngộ nghĩnh, sống động và hấp dẫn.','<p>Một trong những bộ thần thoại vĩ đại v&agrave; nổi tiếng nhất của nh&acirc;n loại đến với bạn qua bộ truyện tranh m&agrave;u ngộ nghĩnh, sống động v&agrave; hấp dẫn. Mỗi tập truyện l&agrave; một c&acirc;u chuyện về thế giới b&iacute; ẩn v&agrave; huyền diệu của những vị thần vĩ đại tr&ecirc;n đỉnh Olympia, những vị anh h&ugrave;ng trần gian, những qu&aacute;i vật v&agrave; người khổng lồ...được t&aacute;i hiện qua những trang tranh truyện m&agrave;u...</p>\r\n\r\n<p><strong>Mời bạn đ&oacute;n đọc.</strong></p>\r\n',50000,48000,196,'',1,0,'2016-09-03 05:28:32','2016-09-03 05:28:32'),(39,23,'Thần Thoại Hy Lạp','than-thoai-hy-lap','28600_214464_p68850mbt.jpg','Ngày nay thời đại của niềm tin thần thoại và tư duy thần thoại đã lùi vào quá khứ. Cung điện Ôlanhpơ của thế giới thần thánh chắc hẳn đã phải dời đến một hành tinh xa xăm nào đó... ','<p>Ng&agrave;y nay thời đại của niềm tin thần thoại v&agrave; tư duy thần thoại đ&atilde; l&ugrave;i v&agrave;o qu&aacute; khứ. Cung điện &Ocirc;lanhpơ của thế giới thần th&aacute;nh chắc hẳn đ&atilde; phải dời đến một h&agrave;nh tinh xa xăm n&agrave;o đ&oacute;... Nhưng ch&uacute;ng ta vẫn lưu giữ tr&acirc;n trọng t&agrave;i sản thần thoại như lưu giữ một chiến c&ocirc;ng hiển h&aacute;ch của lo&agrave;i người trong tiến tr&igrave;nh lịch sử. Ch&uacute;ng ta vẫn mang theo qu&aacute; khứ để tiến tới tương lai chứ kh&ocirc;ng phải quay về qu&aacute; khứ, quay về niềm tin thần thoại để chinh phục tương lai, tương lai của thời đại tư duy khoa học v&agrave; c&aacute;ch mạng. Nhiều ước mơ của con người xưa kia đ&atilde; trở th&agrave;nh hiện thực. Biết bao ch&agrave;ng Đ&ecirc;can v&agrave; Icar của thế kỷ XX vẫn đi đi về về trong kh&ocirc;ng gian vũ trụ bao la khiến thần Dớt d&ugrave; c&oacute; nổi trận l&ocirc;i đ&igrave;nh, dồn m&acirc;y m&ugrave; sấm s&eacute;t cũng kh&ocirc;ng ngăn cản được. Nh&acirc;n loại đ&atilde; kh&aacute;c xưa rất nhiều. Tuy nhi&ecirc;n trong đời sống của nh&acirc;n loại lại nảy sinh ra những nỗi đe dọa khủng khiếp của một thứ &quot;số mệnh mới&quot; c&ugrave;ng với c&aacute;c vị thần mới, ma quỷ mới, bạo ch&uacute;a mới muốn x&oacute;a bỏ những th&agrave;nh tựu văn h&oacute;a, văn minh của lo&agrave;i người.</p>\r\n\r\n<p>Nh&acirc;n loại vẫn đang đứng trước một c&acirc;u hỏi, một lời th&aacute;ch đố của con nh&acirc;n sư Xphanh - Lịch sử. V&igrave; lẽ đ&oacute;, nh&acirc;n loại c&ograve;n cần đến những Pr&ocirc;m&ecirc;t&ecirc;, H&ecirc;raclex... để đấu tranh với Số mệnh, chiến thắng Số mệnh. V&agrave; để sống, chiến thắng th&igrave; kh&ocirc;ng thể để mất L&ograve;ng tin v&agrave; Hy vọng, kh&ocirc;ng thể thiếu ước mơ, hơn nữa lại c&agrave;ng phải biết y&ecirc;u c&aacute;i Ch&acirc;n, Thiện, Mỹ thật s&acirc;u sắc, biết gh&eacute;t c&aacute;i &Aacute;c, c&aacute;i Dối tr&aacute;, Ti tiện, c&aacute;i H&egrave;n Nh&aacute;t thật s&acirc;u sắc. V&igrave; vậy, thần thoại Hy Lạp vẫn rất đ&aacute;ng qu&yacute; với ch&uacute;ng ta. Đ&oacute; ch&iacute;nh l&agrave; thế giới nguy&ecirc;n sơ nhất của lo&agrave;i người: vụng dại song tr&agrave;n đầy tin y&ecirc;u, giản đơn song th&ocirc;ng minh ngộ nghĩnh, hoang sơ song đầy ắp ước mơ v&agrave; kh&aacute;t vọng t&aacute;o bạo.</p>\r\n\r\n<p><strong>Mời bạn đ&oacute;n đọc.</strong></p>\r\n\r\n<div>&nbsp;</div>\r\n',200000,160000,808,'',1,0,'2016-09-03 05:29:58','2016-09-03 05:29:58'),(40,24,'108 Nhà Văn Thế Kỷ XX - XXI','108-nha-van-the-ky-xx-xxi','32537_42455_48998.jpg','Nằm trong loạt sách tư liệu, phổ biến kiến thức phổ thông cho đông đảo bạn đọc mà Trung tâm Văn hóa Ngôn ngữ Đông Tây đã và đang đang tiếp tục thực hiện','<p>Nằm trong loạt s&aacute;ch tư liệu, phổ biến kiến thức phổ th&ocirc;ng cho đ&ocirc;ng đảo bạn đọc m&agrave; Trung t&acirc;m Văn h&oacute;a Ng&ocirc;n ngữ Đ&ocirc;ng T&acirc;y đ&atilde; v&agrave; đang đang tiếp tục thực hiện, với đối tượng ch&iacute;nh l&agrave; c&aacute;c bạn đang học, nghi&ecirc;n cứu, t&igrave;m hiểu văn học thế giới cũng như c&aacute;c bạn đọc y&ecirc;u văn chương n&oacute;i chung, tập s&aacute;ch&nbsp;<strong><em>108 nh&agrave; văn thế kỷ XX-XXI&nbsp;</em></strong>giới thiệu tiểu sử, sự nghiệp v&agrave; đặc điểm s&aacute;ng t&aacute;c của c&aacute;c nh&agrave; văn, nh&agrave; thơ, nh&agrave; soạn kịch nổi tiếng nhất thế giới thế kỉ XX v&agrave; thập ni&ecirc;n đầu thế kỷ XXI.<br />\r\nCon số 108 ở đ&acirc;y vừa l&agrave; con số l&agrave;m việc, nằm trong bộ s&aacute;ch 108... vừa cũng như mọi số ước lệ kh&aacute;c, c&oacute; thay đổi, được n&acirc;ng l&ecirc;n khi c&oacute; điều kiện.</p>\r\n\r\n<p>Cuối mỗi t&aacute;c giả c&oacute; tiểu mục Một số bản dịch tiếng Việt nhằm cung cấp cho bạn đọc th&ocirc;ng tin về những t&aacute;c phẩm đ&aacute;ng ch&uacute; &yacute; đ&atilde; được chuyển ngữ sang tiếng Việt để t&igrave;m đọc, đồng thời cũng l&agrave; một c&aacute;ch sơ bộ kiểm k&ecirc; t&igrave;nh h&igrave;nh dịch thuật văn chương ở nước ta đến thời điểm n&agrave;y.</p>\r\n\r\n<p><strong>Mời bạn đ&oacute;n đọc.</strong></p>\r\n',182000,145000,668,'',1,0,'2016-09-03 05:32:12','2016-09-03 05:32:12'),(41,24,'Botchan - Cuộc Nổi Loạn Ngoạn Mục','botchan-cuoc-noi-loan-ngoan-muc','14845_38758_45301.jpg','Bối cảnh câu chuyện xảy ra ở miền nam nước Nhật, nơi tác giả từng dạy toán tại một trường nam sinh trong vài năm. Bước vào một thế giới đầy bảo thủ với những khuôn phép định sẵn, lối cư xử khách sáo, hình thức cùng sự phân biệt trật tự','<p>Bối cảnh c&acirc;u chuyện xảy ra ở miền nam nước Nhật, nơi t&aacute;c giả từng dạy to&aacute;n tại một trường nam sinh trong v&agrave;i năm. Bước v&agrave;o một thế giới đầy bảo thủ với những khu&ocirc;n ph&eacute;p định sẵn, lối cư xử kh&aacute;ch s&aacute;o, h&igrave;nh thức c&ugrave;ng sự ph&acirc;n biệt trật tự, thứ hạng cứng nhắc đ&atilde; khiến cho nh&acirc;n vật Botchan - đến từ một th&agrave;nh phố lớn, vốn l&agrave; một thanh ni&ecirc;n thẳng thắn, n&oacute;ng t&iacute;nh - kh&ocirc;ng t&ocirc;n trọng, kh&ocirc;ng h&ograve;a hợp được với những người lớn hơn cũng như đ&aacute;m học tr&ograve; ngỗ nghịch của m&igrave;nh. V&agrave; điều đ&oacute; dẫn đến kết quả tất yếu l&agrave; những cuộc xung đột lớn, nhỏ kh&ocirc;ng ngừng diễn ra. Phần lớn c&acirc;u chuyện xảy ra v&agrave;o m&ugrave;a h&egrave;, trong tiếng ve r&acirc;m ran v&agrave; những yếu tố, h&igrave;nh ảnh kh&aacute;c gi&uacute;p Botchan trở th&agrave;nh một quyển s&aacute;ch th&uacute; vị d&agrave;nh cho m&ugrave;a h&egrave;. Sự giản dị, mộc mạc cũng l&agrave; một điểm hấp dẫn kh&ocirc;ng thể phủ nhận của Botchan.</p>\r\n\r\n<p><strong>Mời bạn đ&oacute;n đọc.</strong></p>\r\n',58000,47000,264,'',1,0,'2016-09-03 05:33:54','2016-09-03 05:33:54'),(42,24,'Các Nhà Văn Đoạt Giải Nobel','cac-nha-van-doat-giai-nobel','20881_38777_45320.jpg','Giải Nobel văn học hàng năm, với trị giá lên đến 10 triệu cuaron, tức gần 1,5 triệu USD (tương đương 30 tỉ đồng Việt Nam, tỉ giá năm 2010), được coi là giải văn chương có uy tín nhất trên thế giới hiện nay.','<p>Giải Nobel văn học h&agrave;ng năm, với trị gi&aacute; l&ecirc;n đến 10 triệu cuaron, tức gần 1,5 triệu USD (tương đương 30 tỉ đồng Việt Nam, tỉ gi&aacute; năm 2010), được coi l&agrave; giải văn chương c&oacute; uy t&iacute;n nhất tr&ecirc;n thế giới hiện nay.</p>\r\n\r\n<p>T&iacute;nh đến năm 2010, đ&atilde; c&oacute; 107 nh&agrave; văn, nh&agrave; thơ ở đủ c&aacute;c ch&acirc;u lục được nhận giải thưởng danh gi&aacute; n&agrave;y. Nhiều t&aacute;c phẩm thơ, văn của họ đ&atilde; được dịch v&agrave; giới thiệu ở Việt Nam. Đ&aacute;p ứng nhu cầu của bạn đọc nước ta t&igrave;m hiểu về cuộc đời v&agrave; sự nghiệp của những ng&ocirc;i sao văn chương n&agrave;y cũng như đ&aacute;p ứng việc học v&agrave; t&igrave;m hiểu của c&aacute;c em học sinh đang học trong nh&agrave; trường v&agrave; c&aacute;c bạn đọc phổ th&ocirc;ng, nhất l&agrave; c&aacute;c bạn kh&ocirc;ng ở c&aacute;c đ&ocirc; thị lớn, ch&uacute;ng t&ocirc;i bi&ecirc;n soạn cuốn s&aacute;ch về C&aacute;c nh&agrave; văn đoạt giải Nobel n&agrave;y. Ở đ&acirc;y, những người bi&ecirc;n soạn cũng giới thiệu tất cả c&aacute;c nh&agrave; văn đoạt giải Nobel văn chương hơn 1 thế kỉ qua, nhưng được bi&ecirc;n soạn hết sức ngắn gọn, s&uacute;c t&iacute;ch, bảo đảm đầy đủ v&agrave; ch&iacute;nh x&aacute;c những th&ocirc;ng tin kh&aacute;i qu&aacute;t v&agrave; c&ocirc; đọng về cuộc đời v&agrave; sự nghiệp s&aacute;ng t&aacute;c của mỗi t&aacute;c giả, n&ecirc;u l&ecirc;n những t&aacute;c phẩm ch&iacute;nh, đồng thời k&egrave;m theo những h&igrave;nh ảnh minh hoạ để cuốn s&aacute;ch th&ecirc;m phần sinh động, hấp dẫn.</p>\r\n\r\n<p><strong>Mời bạn đ&oacute;n đọc.</strong></p>\r\n',35000,32000,116,'',1,0,'2016-09-03 05:35:23','2016-09-03 05:35:23'),(43,24,'Hoàng Cầm - Hồn Thơ Độc Đáo','hoang-cam-hon-tho-doc-dao','30450_37334_43877.jpg','Các bài viết tập hợp vào đây đề cập toàn bộ cuộc đời và văn nghiệp Hoàng Cầm. Đặc sắc sáng tạo của ngọn bút Hoàng Cầm, ý nghĩa đa dạng, đa diện tiềm ẩn trong sáng tác của Hoàng Cầm được độc giả cảm nhận, được nhà nghiên cứu phê bình phân tích diễn giải, - đó là những nội dung chính của tập sách này.','<p>C&aacute;c b&agrave;i viết tập hợp v&agrave;o đ&acirc;y đề cập to&agrave;n bộ cuộc đời v&agrave; văn nghiệp Ho&agrave;ng Cầm. Đặc sắc s&aacute;ng tạo của ngọn b&uacute;t Ho&agrave;ng Cầm, &yacute; nghĩa đa dạng, đa diện tiềm ẩn trong s&aacute;ng t&aacute;c của Ho&agrave;ng Cầm được độc giả cảm nhận, được nh&agrave; nghi&ecirc;n cứu ph&ecirc; b&igrave;nh ph&acirc;n t&iacute;ch diễn giải, - đ&oacute; l&agrave; những nội dung ch&iacute;nh của tập s&aacute;ch n&agrave;y.</p>\r\n\r\n<p>Do chỗ c&aacute;c b&agrave;i viết về Ho&agrave;ng Cầm v&agrave; thơ văn Ho&agrave;ng Cầm tập hợp v&agrave;o s&aacute;ch n&agrave;y đều xuất hiện từ những năm 1990 đến đầu những năm 2010, n&ecirc;n cũng c&oacute; thể gọi đ&acirc;y l&agrave; một bộ sưu tập &quot;Đọc Ho&agrave;ng Cầm 1990-2010&quot;.</p>\r\n\r\n<p><strong>Mời bạn đ&oacute;n đọc.</strong></p>\r\n',99000,79000,442,'',1,0,'2016-09-03 05:36:48','2016-09-03 05:36:48'),(44,25,'1/2 Hoàng Tử - Tập 7: Sau Nảy Sau Này','1-2-hoang-tu-tap-7-sau-nay-sau-nay','18840_224792_p70442mbiatruoc.jpg','Câu chuyện về Prince đã kết thúc? Không, không, không! Vẫn còn hậu truyền thuyết mà.','<p>C&acirc;u chuyện về Prince đ&atilde; kết th&uacute;c?</p>\r\n\r\n<p>Kh&ocirc;ng, kh&ocirc;ng, kh&ocirc;ng! Vẫn c&ograve;n hậu truyền thuyết m&agrave;.</p>\r\n\r\n<p>Hậu duệ của Prince, Tiểu Tiểu Lam v&agrave; Phong Long Danh dần dần trưởng th&agrave;nh. Một ng&agrave;y nọ, hai đứa t&igrave;m thấy mũ chụp của tr&ograve; chơi bị cấm The Second Life. Ph&aacute;t huy tinh thần t&igrave;m hiểu đến tận gốc rễ, Tiểu Tiểu Lam v&agrave; Phong Long Danh quyết t&acirc;m v&agrave;o tr&ograve; chơi, mở đầu cho &ldquo;hậu truyền thuyết&rdquo; long trời lở đất.</p>\r\n\r\n<p>H&ocirc;n lễ của Prince v&agrave; Gui, c&aacute;i kết d&agrave;nh cho T&agrave; Linh cũng sẽ được h&eacute; lộ!</p>\r\n\r\n<p><strong>Mời bạn đ&oacute;n đọc.</strong></p>\r\n',65000,52000,212,'',1,0,'2016-09-03 05:39:00','2016-09-03 05:39:00'),(45,25,'Sword Art Online (SAO)-Tập 4','sword-art-online-sao-tap-4','19864_225230_p70207msao4cover1.jpg','Kirito thoát khỏi Sword Art Online, nhưng Asuna thì chưa. Để cứu cô, Kirito đã đăng nhập vào một game VRMMO rất đáng ngờ là ALfheim Online (ALO).','<p>Kirito tho&aacute;t khỏi Sword Art Online, nhưng Asuna th&igrave; chưa. Để cứu c&ocirc;, Kirito đ&atilde; đăng nhập v&agrave;o một game VRMMO rất đ&aacute;ng ngờ l&agrave; ALfheim Online (ALO).</p>\r\n\r\n<p>ALO l&agrave; một game phi h&agrave;nh next-gen. Ở đ&acirc;y, yếu tố ph&eacute;p thuật, khả năng phản ứng v&agrave; ph&aacute;n đo&aacute;n của game thủ giữ vai tr&ograve; quyết định thắng bại. B&ecirc;n cạnh đ&oacute;, việc cho ph&eacute;p người chơi trở th&agrave;nh tinh linh v&agrave; l&agrave;m chủ hệ thống bay lượn c&ugrave;ng những c&ocirc;ng nghệ vượt trội kh&ocirc;ng hề thua k&eacute;m SAO đ&atilde; khiến ALO hấp dẫn một lượng lớn game thủ. Trở th&agrave;nh một tinh linh Spriggan, Kirito tiến thẳng đến nơi giam giữ linh hồn Asuna, cũng ch&iacute;nh l&agrave; mục ti&ecirc;u sau c&ugrave;ng của to&agrave;n bộ game thủ: &ldquo;C&acirc;y Thế Giới&rdquo;!</p>\r\n\r\n<p>Dọc đường đi, v&igrave; tr&uacute;ng mưu kế của nh&oacute;m game thủ tộc Salamander, Kirito rơi v&agrave;o t&igrave;nh huống thập tử nhất sinh, nhưng nhờ sự gi&uacute;p đỡ của Leafa một thiếu nữ tộc Sylph v&agrave; Yui tiểu ti&ecirc;n chỉ đường, cuối c&ugrave;ng cậu vẫn giữ g&igrave;n được t&iacute;nh mạng.</p>\r\n\r\n<p>Rốt cuộc, Kirito cũng đến được gốc C&acirc;y Thế Giới. Nhưng khi đ&oacute;, &ldquo;b&iacute; mật&rdquo; về mối quan hệ giữa Kirito v&agrave; Leafa cũng dần h&eacute; lộ&hellip;</p>\r\n\r\n<p><strong>Mời bạn đ&oacute;n đọc.</strong></p>\r\n',95000,76000,396,'',1,1,'2016-09-03 05:40:18','2016-09-07 02:30:11'),(46,25,'Phỏng Vấn Ma Cà Rồng','phong-van-ma-ca-rong','22001_218179_p69373mbt.jpg','Louisiana, 1791 . Tuyệt vọng khi chứng kiến người em trai hết mực thương yêu tự kết liễu cuộc đời và gánh chịu sự nghi ngờ của người thân,  Louis tưởng chừng sắp bước theo đoạn đường của em trai khi đột ngột, ma cà rồng Lestat tấn công ngay trước cửa nhà, và, tất cả chỉ mới chỉ bắt đầu…','<p>Louisiana, 1791</p>\r\n\r\n<p>Tuyệt vọng khi chứng kiến người em trai hết mực thương y&ecirc;u tự kết liễu cuộc đời v&agrave; g&aacute;nh chịu sự nghi ngờ của người th&acirc;n, &nbsp;Louis tưởng chừng sắp bước theo đoạn đường của em trai khi đột ngột, ma c&agrave; rồng Lestat tấn c&ocirc;ng ngay trước cửa nh&agrave;, v&agrave;, tất cả chỉ mới chỉ bắt đầu&hellip;</p>\r\n\r\n<p>Buộc phải trở th&agrave;nh ma c&agrave; rồng kh&aacute;t m&aacute;u trong khi vẫn kh&aacute;t khao giữ t&iacute;nh người, bị mắc kẹt trong cuộc đời bất tử bất đắc dĩ v&agrave; v&ocirc; vọng t&igrave;m kiếm một lối tho&aacute;t cho bản th&acirc;n, tưởng như số phận u tối của Louis đ&atilde; mở sang trang với sự xuất hiện của Claudia, c&ocirc; b&eacute; ma c&agrave; rồng. Nhưng, lại một lần nữa, h&oacute;a ra, tất cả chỉ mới bắt đầu&hellip;</p>\r\n\r\n<p>M&ecirc; hoặc, bất ngờ v&agrave; kh&ocirc;ng k&eacute;m phần r&ugrave;ng rợn,<strong>&nbsp;Phỏng vấn ma c&agrave; rồng</strong>&nbsp;l&agrave; c&acirc;u chuyện về những hiểm nguy v&agrave; trốn chạy, về t&igrave;nh y&ecirc;u v&agrave; mất m&aacute;t, t&agrave;n nhẫn v&agrave; bi thương.</p>\r\n\r\n<p>Ph&aacute;t h&agrave;nh lần đầu năm 1976,&nbsp;<strong>Phỏng vấn Ma c&agrave; rồng</strong>&nbsp;đ&atilde; b&aacute;n được hơn t&aacute;m triệu bản tr&ecirc;n to&agrave;n thế giới v&agrave; từng được chuyển thể th&agrave;nh bộ phim c&ugrave;ng t&ecirc;n với sự tham gia của c&aacute;c ng&ocirc;i sao lừng danh Brad Pritt, Tom Cruise v&agrave; Kirsten Dunst.</p>\r\n\r\n<p><strong>Mời bạn đ&oacute;n đọc.</strong></p>\r\n',100000,87000,384,'',1,1,'2016-09-03 05:41:57','2016-09-05 15:49:54'),(47,25,'Lệnh Hủy Diệt (Tiền Truyện Của Series The Maze Runner)','lenh-huy-diet-tien-truyen-cua-series-the-maze-runner-','27614_219736_p69546mbt.jpg','Mười ba năm trước khi Thomas bước vào Mê cung, quầng lửa mặt trời đã ập xuống trái đất, tàn phá nhiều cơ sở hạ tầng và tiêu diệt một phần nhân loại.','<p>Mười ba năm trước khi Thomas bước v&agrave;o M&ecirc; cung, quầng lửa mặt trời đ&atilde; ập xuống tr&aacute;i đất, t&agrave;n ph&aacute; nhiều cơ sở hạ tầng v&agrave; ti&ecirc;u diệt một phần nh&acirc;n loại. Tho&aacute;t chết sau thảm họa, Mark v&agrave; Trina cũng tưởng rồi đ&acirc;y mọi thứ sẽ sớm trở lại b&igrave;nh thường. Nhưng kh&ocirc;ng, trại tị nạn của họ bị c&agrave;n qu&eacute;t bởi một bệnh dịch đ&aacute;ng sợ. Đ&aacute;ng sợ hơn nữa l&agrave; nguồn gốc của bệnh dịch ấy. Mất đi nơi ẩn nấu an to&agrave;n,&nbsp;Mark v&agrave; Trina c&ugrave;ng nh&oacute;m bạn buộc đi t&igrave;m chốn nương th&acirc;n, đồng thời t&igrave;m kiếm c&acirc;u trả lời cho căn bệnh k&igrave; dị. Sự thật khủng khiếp bắt đầu h&eacute; mở manh mối...</p>\r\n\r\n<p><strong>Mời bạn đ&oacute;n đọc.</strong></p>\r\n',88000,80000,392,'',1,1,'2016-09-03 05:43:16','2016-09-05 15:49:54'),(48,25,'Thử Nghiệm Đất Cháy (Phần 2 Của Series The Maze Runner)','thu-nghiem-dat-chay-phan-2-cua-series-the-maze-runner-','16831_219577_p60684m003.jpg','Thomas và các bạn chưa bao giờ hình dung điều gì ghê gớm hơn các thách thức đã gặp phải trong Mê cung. Chúng đã lầm. Trí nhớ khiếm khuyết của bọn trẻ khiến chúng không biết đến những gì đã và đang diễn ra ở thế giới bên ngoài. Những thứ còn khủng khiếp hơn bầy Nhím sầu, lắt léo hơn các ngóc ngách Mê cung và tàn nhẫn hơn cả sự Biến đổi…','<p>Thomas v&agrave; c&aacute;c bạn chưa bao giờ h&igrave;nh dung điều g&igrave; gh&ecirc; gớm hơn c&aacute;c th&aacute;ch thức đ&atilde; gặp phải trong M&ecirc; cung. Ch&uacute;ng đ&atilde; lầm. Tr&iacute; nhớ khiếm khuyết của bọn trẻ khiến ch&uacute;ng kh&ocirc;ng biết đến những g&igrave; đ&atilde; v&agrave; đang diễn ra ở thế giới b&ecirc;n ngo&agrave;i. Những thứ c&ograve;n khủng khiếp hơn bầy Nh&iacute;m sầu, lắt l&eacute;o hơn c&aacute;c ng&oacute;c ng&aacute;ch M&ecirc; cung v&agrave; t&agrave;n nhẫn hơn cả sự Biến đổi&hellip;</p>\r\n\r\n<p>***&nbsp;</p>\r\n\r\n<p>&quot;Căng thẳng v&agrave; u &aacute;m, hấp dẫn v&agrave; đầy bất ngờ, đ&acirc;y l&agrave; phần tiếp theo khiến cả nh&oacute;m Thomas lẫn độc giả đều phải tự hỏi chuyện g&igrave; đang diễn ra...&quot;&nbsp;<em><span style=\"color:rgb(0, 0, 0)\">- Kirkus Reviews</span></em></p>\r\n\r\n<p>&quot;Bạn đọc y&ecirc;u th&iacute;ch tập đầu sẽ nhanh ch&oacute;ng bị cuốn theo những diễn biến hồi hộp v&agrave; h&agrave;nh động kh&ocirc;ng ngừng... t&aacute;c phẩm n&agrave;y giống như một tr&ograve; chơi điện tử hấp dẫn, trong đ&oacute; Thomas phải đương đầu với hết hiểm nguy n&agrave;y tới hiểm nguy kh&aacute;c.&quot;&nbsp;<em><span style=\"color:rgb(0, 0, 0)\">- Children&#39;s Literature</span></em></p>\r\n\r\n<p>&quot;Kết th&uacute;c mở sẽ khiến độc giả h&aacute;o hức chờ đ&oacute;n phần kết của bộ tiểu thuyết ba tập.&quot;&nbsp;<em>- School Library Journal</em></p>\r\n\r\n<p><strong>Mời bạn đ&oacute;n đọc.</strong></p>\r\n',99000,90000,404,'',1,1,'2016-09-03 05:44:19','2016-09-05 15:49:54'),(49,26,'Sổ Tay Viết Văn Tiếng Anh','so-tay-viet-van-tieng-anh','6390_225356_p70370mbt.jpg','Hệ thống kiến thức: Kiến thức được hệ thống hóa theo cấp độ tăng dần (từ → câu → đoạn văn), giúp bạn có nền tảng chắc chắn để viết văn tiếng Anh.\r\nHình ảnh: Các điểm ngữ pháp được trình bày rõ ràng, sinh động kết hợp với nhiều hình ảnh và màu sắc, nhờ đó bạn sẽ nhanh chóng nắm bắt và khắc sâu kiến thức.','<p><strong>Hệ thống kiến thức:&nbsp;</strong>Kiến thức được hệ thống h&oacute;a theo cấp độ tăng dần (từ &rarr; c&acirc;u &rarr; đoạn văn), gi&uacute;p bạn c&oacute; nền tảng chắc chắn để viết văn tiếng Anh.</p>\r\n\r\n<p><strong>H&igrave;nh ảnh:</strong>&nbsp;C&aacute;c điểm ngữ ph&aacute;p được tr&igrave;nh b&agrave;y r&otilde; r&agrave;ng, sinh động kết hợp với nhiều h&igrave;nh ảnh v&agrave; m&agrave;u sắc, nhờ đ&oacute; bạn sẽ nhanh ch&oacute;ng nắm bắt v&agrave; khắc s&acirc;u kiến thức.</p>\r\n\r\n<p><strong>Ghi ch&uacute;:&nbsp;</strong>C&aacute;c ghi ch&uacute; t&oacute;m tắt, mở rộng hoặc đ&agrave;o s&acirc;u kiến thức đ&atilde; học để bạn hiểu r&otilde; vấn đề hơn.</p>\r\n\r\n<p><strong>B&agrave;i kiểm tra ngắn:&nbsp;</strong>Với c&aacute;c b&agrave;i kiểm tra n&agrave;y, bạn sẽ c&oacute; cơ hội vận dụng ngay kiến thức vừa tiếp thu để n&acirc;ng cao hiệu quả học tập.</p>\r\n\r\n<p><strong>C&aacute;c viết đoạn văn:</strong>&nbsp;Bạn sẽ được hướng dẫn c&aacute;ch viết đoạn văn ngắn với bố cục gồm ba phần: phần mở đầu, phần nội dung ch&iacute;nh v&agrave; phần kết th&uacute;c.</p>\r\n\r\n<p><strong>Nội dung của s&aacute;ch</strong></p>\r\n\r\n<p><strong>Part 1</strong>&nbsp;&ndash; Kiến thức cơ bản</p>\r\n\r\n<p>Part 1 giới thiệu với bạn những kiến thức cơ bản như cấu tr&uacute;c c&acirc;u, từ loại, c&aacute;c mẫu c&acirc;u v&agrave; một số cụm từ cố định thường d&ugrave;ng với c&aacute;c th&igrave;.</p>\r\n\r\n<p><strong>Part 2</strong>&nbsp;&ndash; C&aacute;c loại c&acirc;u trong tiếng Anh</p>\r\n\r\n<p>Sau khi nắm được kiến thức cơ bản, ở Part 2, bạn sẽ học c&aacute;c loại c&acirc;u: c&acirc;u trần thuật, c&acirc;u nghi vấn, c&acirc;u cầu khiến, c&acirc;u chủ động, c&acirc;u bị động, c&acirc;u sử dụng mệnh đề danh ngữ/t&iacute;nh ngữ/trạng ngữ, c&acirc;u sử dụng cụm ph&acirc;n từ.</p>\r\n\r\n<p><strong>Part 3</strong>&nbsp;&ndash; Viết đoạn văn</p>\r\n\r\n<p>Part 3 hướng dẫn bạn c&aacute;ch viết đoạn văn ngắn dựa v&agrave;o những kiến thức đ&atilde; học ở Part 1 v&agrave; Part 2. Bạn sẽ biết c&aacute;ch viết phần mở đầu, phần nội dung ch&iacute;nh v&agrave; phần kết hức của đoạn văn vừa hay vừa ph&ugrave; hợp với y&ecirc;u cầu của đề b&agrave;i.</p>\r\n\r\n<p><strong>Part 4</strong>&nbsp;&ndash; Luyện tập</p>\r\n\r\n<p>Trong Part 4, bạn sẽ c&oacute; cơ hội n&acirc;ng cao kỹ năng viết tiếng Anh th&ocirc;ng qua c&aacute;c b&agrave;i tập luyện viết c&acirc;u v&agrave; viết đoạn văn.</p>\r\n\r\n<p><strong>Mời bạn đ&oacute;n đọc.</strong></p>\r\n',28800,28000,255,'',1,1,'2016-09-03 05:54:57','2016-09-05 15:49:54'),(50,27,'Luyện Nghe Tiếng Trung Quốc Cấp Tốc Cho Người Bắt Đầu (Kèm 1 CD)','luyen-nghe-tieng-trung-quoc-cap-toc-cho-nguoi-bat-dau-kem-1-cd-','4713_203637_p67341mbt.jpg','Luyện nghe tiếng Trung Quốc cấp tốc là bộ giáo trình được biên soạn riêng cho sinh viên nước ngoài du học ngắn hạn tại Trung Quốc với mục đích giúp sinh viên bồi dưỡng kỹ năng giao tiếp. ','<p><strong>Luyện nghe tiếng Trung Quốc cấp tốc</strong>&nbsp;l&agrave; bộ gi&aacute;o tr&igrave;nh được bi&ecirc;n soạn ri&ecirc;ng cho sinh vi&ecirc;n nước ngo&agrave;i du học ngắn hạn tại Trung Quốc với mục đ&iacute;ch gi&uacute;p sinh vi&ecirc;n bồi dưỡng kỹ năng giao tiếp. Bộ gi&aacute;o tr&igrave;nh Luyện nghe tiếng Trung Quốc cấp tốc bao gồm 5 tr&igrave;nh độ: cho người bắt đầu, sơ cấp, tiền trung cấp, trung cấp v&agrave; n&acirc;ng cao.</p>\r\n\r\n<p><em>(Gi&aacute; = S&aacute;ch + 1 CD)</em></p>\r\n\r\n<p><strong>Mời bạn đ&oacute;n đọc.</strong></p>\r\n',28800,28000,384,'',1,1,'2016-09-03 05:57:24','2016-09-05 15:49:55'),(51,33,'500 Câu Hỏi Luyện Thi Năng Lực Nhật Ngữ - Trình Độ N3','500-cau-hoi-luyen-thi-nang-luc-nhat-ngu-trinh-do-n3','24716_216513_p69002mbt.jpg','Sổ tay ôn thi Năng lực Nhật ngữ quốc tế - Trình độ  N3 (Trung cấp). Trình độ N3 là trình độ tối thiểu  để vào làm việc tại các doanh nghiệp Nhật.','<p>Sổ tay &ocirc;n thi&nbsp;<strong>Năng lực Nhật ngữ quốc tế - Tr&igrave;nh độ &nbsp;N3&nbsp;</strong>(Trung cấp).</p>\r\n\r\n<p>Tr&igrave;nh độ N3 l&agrave; tr&igrave;nh độ tối thiểu &nbsp;để v&agrave;o l&agrave;m việc tại c&aacute;c doanh nghiệp Nhật.</p>\r\n\r\n<p>Điểm đặc biệt l&agrave; s&aacute;ch được thiết kế theo ng&agrave;y, mỗi ng&agrave;y người học c&oacute; thể &ocirc;n cả 3 kỹ năng : Từ vựng, Ngữ ph&aacute;p, H&aacute;n tự chỉ với 15 ph&uacute;t.</p>\r\n\r\n<p>- Khổ s&aacute;ch cầm tay, thuận tiện cho người học c&oacute; thể học mọi l&uacute;c mọi nơi.</p>\r\n\r\n<p>- Tập hợp 500 c&acirc;u hỏi thường gặp trong đề thi Năng lực Nhật ngữ .294</p>\r\n\r\n<p>- &Ocirc;n cả Từ vựng, H&aacute;n tự, Ngữ ph&aacute;p chỉ với 01 quyển s&aacute;ch nhỏ gọn.</p>\r\n\r\n<p><strong>Mời bạn đ&oacute;n đọc.</strong></p>\r\n',78000,63000,294,'http://www.mediafire.com/download/xbtpd1e9bf0xash/2_plugin_cap_nhat_moi_nhat.zip',1,1,'2016-09-03 05:59:31','2016-09-05 15:49:55'),(52,28,'Những Con Đường Đẹp Trong Cuộc Đời - Phát Hành Dự Kiến 15/09/2016','nhung-con-duong-dep-trong-cuoc-doi-phat-hanh-du-kien-15-09-2016','18443_228157_p70905m2.jpg','\"Con đường đẹp là con đường của trái tim, biết cởi mở, biết tha thứ, biết yêu thương để người yêu nhau bước vào vùng trời bao la, vùng trời tự do của tâm hồn.\" (trích Những con đường đẹp trong cuộc đời)','<p>&quot;Con đường đẹp l&agrave; con đường của tr&aacute;i tim, biết cởi mở, biết tha thứ, biết y&ecirc;u thương để người y&ecirc;u nhau bước v&agrave;o v&ugrave;ng trời bao la, v&ugrave;ng trời tự do của t&acirc;m hồn.&quot; (tr&iacute;ch Những con đường đẹp trong cuộc đời)</p>\r\n\r\n<p>&quot;Cho d&ugrave; bạn chọn con đường n&agrave;o đi nữa, th&igrave; điều kiện căn bản để th&agrave;nh c&ocirc;ng l&agrave; bạn h&atilde;y lập ch&iacute;, ki&ecirc;n tr&igrave;, hi&ecirc;n ngang đi tới, tới đ&iacute;ch, bởi nẻo đi n&agrave;o cũng c&oacute; những ch&ocirc;ng gai, thử th&aacute;ch, hầm hố của n&oacute;.&quot; (tr&iacute;ch Con đường n&agrave;o cho t&ocirc;i)</p>\r\n\r\n<p>&quot;Sự thật kh&ocirc;ng ai biết được chuyện ng&agrave;y mai. C&ograve;n bao nhi&ecirc;u ng&agrave;y nữa để sống, hay chỉ l&agrave; một ng&agrave;y, l&agrave;m sao bạn biết được? Chỉ c&oacute; gi&acirc;y ph&uacute;t đ&aacute;ng sống đ&oacute; l&agrave; gi&acirc;y ph&uacute;t n&agrave;y...&quot; (tr&iacute;ch Gi&acirc;y ph&uacute;t n&agrave;y)</p>\r\n\r\n<p><strong>Mời bạn đ&oacute;n đọc.</strong></p>\r\n',65000,49000,254,'http://www.mediafire.com/download/xbtpd1e9bf0xash/2_plugin_cap_nhat_moi_nhat.zip',1,1,'2016-09-03 06:02:12','2016-09-05 15:49:55'),(53,28,'Ngừng Lệ - Thuộc','ngung-le-thuoc','13782_228347_p70962mimg214.jpg','Lòng trắc ẩn và quan điểm sáng suốt của Melody Beattie về tình trạng đồng phụ thuộc – khái niệm về việc đánh mất bản thân trên danh nghĩa giúp đỡ người khác – đã tác động mạnh mẽ đến những người đang chật vật khổ sở vì hành vi tự làm hại bản thân của người mà họ yêu thương. Ngừng Lệ Thuộc đã giúp hàng triệu độc giả hiểu rằng họ không thể thay đổi bất kỳ ai ngoại trừ chính họ.','<p>L&ograve;ng trắc ẩn v&agrave; quan điểm s&aacute;ng suốt của Melody Beattie về t&igrave;nh trạng đồng phụ thuộc &ndash; kh&aacute;i niệm về việc đ&aacute;nh mất bản th&acirc;n tr&ecirc;n danh nghĩa gi&uacute;p đỡ người kh&aacute;c &ndash; đ&atilde; t&aacute;c động mạnh mẽ đến những người đang chật vật khổ sở v&igrave; h&agrave;nh vi tự l&agrave;m hại bản th&acirc;n của người m&agrave; họ y&ecirc;u thương. Ngừng Lệ Thuộc đ&atilde; gi&uacute;p h&agrave;ng triệu độc giả hiểu rằng họ kh&ocirc;ng thể thay đổi bất kỳ ai ngoại trừ ch&iacute;nh họ.</p>\r\n\r\n<p>C&oacute; một c&acirc;u chuyện ngụ ng&ocirc;n như sau:</p>\r\n\r\n<p>Ng&agrave;y xửa ng&agrave;y xưa, c&oacute; một người phụ nữ chuyển đến một hang động trong n&uacute;i để tu luyện với một hiền sư. C&ocirc; bảo rằng m&igrave;nh muốn học tất cả những kiến thức c&oacute; tr&ecirc;n đời. Vị hiền sư trao cho c&ocirc; một chồng s&aacute;ch v&agrave; để c&ocirc; tu luyện một m&igrave;nh. Cứ s&aacute;ng s&aacute;ng &ocirc;ng lại về hang v&agrave; kiểm tra qu&aacute; tr&igrave;nh học tập của c&ocirc;. Tr&ecirc;n tay &ocirc;ng cầm một c&acirc;y gậy gỗ nặng trịch. Mỗi s&aacute;ng, &ocirc;ng hỏi c&ocirc; c&ugrave;ng một c&acirc;u hỏi: &ldquo;Con đ&atilde; học hết c&aacute;c kiến thức chưa?&rdquo; Mỗi s&aacute;ng, c&acirc;u trả lời của c&ocirc; lu&ocirc;n l&agrave;: &ldquo;Thưa thầy, chưa ạ.&rdquo; L&uacute;c đ&oacute; vị hiền sư sẽ g&otilde; gậy v&agrave;o đầu c&ocirc;.</p>\r\n\r\n<p>Cảnh tượng n&agrave;y t&aacute;i diễn suốt nhiều th&aacute;ng trời. Một ng&agrave;y nọ, vị sư bước v&agrave;o hang động, hỏi c&acirc;u hỏi cũ, nghe c&ugrave;ng một c&acirc;u trả lời v&agrave; giơ gậy định g&otilde; v&agrave;o đầu c&ocirc;, nhưng lần n&agrave;y c&ocirc; giật lấy c&acirc;y gậy từ &ocirc;ng, ngăn c&uacute; đ&aacute;nh đ&oacute; lại.</p>\r\n\r\n<p>Thấy nhẹ nh&otilde;m v&igrave; đ&atilde; chấm dứt chuyện bị đ&aacute;nh mỗi ng&agrave;y song vẫn sợ bị phạt, người phụ nữ ngước nh&igrave;n hiền sư. C&ocirc; ngạc nhi&ecirc;n khi thấy &ocirc;ng mỉm cười. &ldquo;Ch&uacute;c mừng, con đ&atilde; th&agrave;nh ch&aacute;nh quả. Giờ con đ&atilde; biết được tất cả những g&igrave; m&igrave;nh cần biết.&rdquo;</p>\r\n\r\n<p>&ldquo;Sao vậy ạ?&rdquo; c&ocirc; thắc mắc.</p>\r\n\r\n<p>&ldquo;Con đ&atilde; hiểu rằng m&igrave;nh sẽ kh&ocirc;ng bao giờ học hết tất cả những kiến thức tr&ecirc;n đời,&rdquo; &ocirc;ng đ&aacute;p. &ldquo;V&agrave; con đ&atilde; học được c&aacute;ch chấm dứt nỗi đau.&rdquo;</p>\r\n\r\n<p>Đ&oacute; ch&iacute;nh l&agrave; nội dung của quyển s&aacute;ch n&agrave;y: chấm dứt nỗi đau v&agrave; kiểm so&aacute;t cuộc sống của ch&iacute;nh m&igrave;nh.</p>\r\n\r\n<p>Nhiều người đ&atilde; học được c&aacute;ch thực hiện việc n&agrave;y. V&agrave; bạn cũng c&oacute; thể học được.</p>\r\n\r\n<p><strong>Mời bạn đ&oacute;n đọc.</strong></p>\r\n',180000,100000,224,'',1,1,'2016-09-03 06:03:35','2016-09-05 15:49:55'),(54,34,'Lịch Treo Tường - Đô Thành Rực Rỡ','lich-treo-tuong-do-thanh-ruc-ro','1262_199613_p66713mbiatruoc.jpg','Vào một ngày cả thể xác lẫn tâm hồn đều trở nên khô cằn vì cuộc sống thường ngày nhàm chán, chỉ cần nghĩ đến kỷ niệm về chuyến du lịch đã qua hay kế hoạch cho kỳ nghỉ sắp tới cũng khiến chúng ta phấn khởi lạ lùng, tinh thần nhẹ nhõm hơn hẳn.','<p>V&agrave;o một ng&agrave;y cả thể x&aacute;c lẫn t&acirc;m hồn đều trở n&ecirc;n kh&ocirc; cằn v&igrave; cuộc sống thường ng&agrave;y nh&agrave;m ch&aacute;n, chỉ cần nghĩ đến kỷ niệm về chuyến du lịch đ&atilde; qua hay kế hoạch cho kỳ nghỉ sắp tới cũng khiến ch&uacute;ng ta phấn khởi lạ l&ugrave;ng, tinh thần nhẹ nh&otilde;m hơn hẳn.</p>\r\n\r\n<p><img src=\"https://www.vinabook.com/images/companies/1/Yen/untitled%20folder1/Lich%20nha%20nam.jpg\" style=\"border-radius:0px; border:0px; box-shadow:none; color:rgb(85, 85, 85); font-size:14px; height:auto; line-height:1.714; margin:0px; max-width:none; padding:0px; vertical-align:middle\" /></p>\r\n\r\n<p><strong>Tr&acirc;n trọng giới thiệu.</strong></p>\r\n',55000,44000,7,'http://www.mediafire.com/download/xbtpd1e9bf0xash/2_plugin_cap_nhat_moi_nhat.zip',1,1,'2016-09-03 06:07:28','2016-09-05 15:49:55'),(55,34,'Lịch Treo Tường Doraemon 2016','lich-treo-tuong-doraemon-2016','2975_199403_p66703mbiatruoc.jpg','Lịch Tường Doraemon 2016 - Doraemon sẽ mãi là ký ức tuổi thơ tươi đẹp trong tâm trí của mỗi chúng ta. Với hình ảnh cực kỳ dễ thương và tươi sáng, đây chắc chắn là một ấn phẩm tuyệt vời dành cho những ai là fan của chú mèo máy siêu đáng yêu này.','<p>Lịch Tường Doraemon 2016 - Doraemon sẽ m&atilde;i l&agrave; k&yacute; ức tuổi thơ tươi đẹp trong t&acirc;m tr&iacute; của mỗi ch&uacute;ng ta. Với h&igrave;nh ảnh cực kỳ dễ thương v&agrave; tươi s&aacute;ng, đ&acirc;y chắc chắn l&agrave; một ấn phẩm tuyệt vời d&agrave;nh cho những ai l&agrave; fan của ch&uacute; m&egrave;o m&aacute;y si&ecirc;u đ&aacute;ng y&ecirc;u n&agrave;y. Lịch Tường Doraemon 2016 kh&ocirc;ng chỉ l&agrave; vật dụng hữu &iacute;ch để xem ng&agrave;y th&aacute;ng, m&agrave; c&ograve;n l&agrave; vật trang tr&iacute; v&ocirc; c&ugrave;ng xinh xắn cho kh&ocirc;ng gian l&agrave;m việc v&agrave; học tập của bạn.</p>\r\n\r\n<p><img src=\"https://www.vinabook.com/images/companies/1/Yen/untitled%20folder1/Lich%20treo%20tuong%20doraemon.jpg\" style=\"border-radius:0px; border:0px; box-shadow:none; color:rgb(85, 85, 85); font-size:14px; height:auto; line-height:1.714; margin:0px; max-width:none; padding:0px; vertical-align:middle\" /></p>\r\n\r\n<p><strong>Tr&acirc;n trọng giới thiệu.</strong></p>\r\n',55000,40000,8,'http://www.mediafire.com/download/xbtpd1e9bf0xash/2_plugin_cap_nhat_moi_nhat.zip',1,1,'2016-09-03 06:10:10','2016-09-05 15:49:55'),(56,35,'Lịch Để Bàn 2016 Động Vật Sách Đỏ','lich-de-ban-2016-dong-vat-sach-do','23525_197093_p66338m001.jpg','Lịch In Động vật sách đỏ là bộ lịch đón chào năm mới - 2016. Bộ lịch gồm 26 tờ rất bắt mắt với những hình ảnh minh họa là Động vật sách đỏ vừa ngộ nghĩnh, vừa đáng yêu vô cùng.','<p>Lịch In Động vật s&aacute;ch đỏ l&agrave; bộ lịch đ&oacute;n ch&agrave;o năm mới - 2016. Bộ lịch gồm 26 tờ rất bắt mắt với những h&igrave;nh ảnh minh họa l&agrave; Động vật s&aacute;ch đỏ vừa ngộ nghĩnh, vừa đ&aacute;ng y&ecirc;u v&ocirc; c&ugrave;ng.</p>\r\n\r\n<p>Tr&ecirc;n mỗi tờ lịch ngo&agrave;i ng&agrave;y dương c&ograve;n c&oacute; th&ecirc;m ng&agrave;y &acirc;m để đối chiếu, tiện lợi cho người &Aacute; Đ&ocirc;ng ch&uacute;ng ta.</p>\r\n\r\n<p>Mỗi th&aacute;ng đều hiển thị những ng&agrave;y cụ thể, từ ng&agrave;y một đến ng&agrave;y cuối th&aacute;ng, th&iacute;ch hợp để ghi ch&uacute; những ng&agrave;y lễ, sinh nhật, hạn nộp b&agrave;i ở lớp, thời hạn thực hiện một kế hoạch th&uacute; vị...</p>\r\n\r\n<p><strong>Tr&acirc;n trọng giới thiệu.</strong></p>\r\n',22000,20000,26,'',1,1,'2016-09-03 06:13:22','2016-09-07 02:28:54'),(57,36,'Nghệ Thuật PR Bản Thân','nghe-thuat-pr-ban-than','20567_224030_p70190m001.jpg','Tôi muốn viết một cuốn sách hướng dẫn cho người mới bắt đầu về cách làm việc này: cuốn sách dành cho những ai ghét tự quảng cáo bản thân. Có thể gọi đây là một hình thức thay thế cho tự quảng cáo.','<p>H&Atilde;Y ĐỂ NGƯỜI KH&Aacute;C &ldquo;ĂN CẮP&rdquo; &Yacute; TƯỞNG CỦA BẠN!</p>\r\n\r\n<p>T&ocirc;i muốn viết một cuốn s&aacute;ch hướng dẫn cho người mới bắt đầu về c&aacute;ch l&agrave;m việc n&agrave;y: cuốn s&aacute;ch d&agrave;nh cho những ai gh&eacute;t tự quảng c&aacute;o bản th&acirc;n. C&oacute; thể gọi đ&acirc;y l&agrave; một h&igrave;nh thức thay thế cho tự quảng c&aacute;o. T&ocirc;i sẽ cố gắng chỉ cho c&aacute;c bạn c&aacute;ch nh&igrave;n c&ocirc;ng việc như một qu&aacute; tr&igrave;nh kh&ocirc;ng bao giờ kết th&uacute;c, c&aacute;ch chia sẻ qu&aacute; tr&igrave;nh đ&oacute; để thu h&uacute;t những người c&oacute; thể sẽ hứng th&uacute; với c&ocirc;ng việc bạn l&agrave;m, v&agrave; c&aacute;ch xử l&yacute; c&aacute;c giai đoạn thăng trầm khi trưng sản phẩm v&agrave; bản th&acirc;n ra trước x&atilde; hội. Nếu cuốn Steal Like an Artist (tạm dịch: Trộm cắp như một nghệ sĩ) n&oacute;i về việc vay mượn ảnh hưởng từ người kh&aacute;c th&igrave; cuốn s&aacute;ch n&agrave;y n&oacute;i về việc g&acirc;y ảnh hưởng đến mọi người bằng c&aacute;ch để họ sao ch&eacute;p &yacute; tưởng của bạn.</p>\r\n\r\n<p><span style=\"background-color:initial; color:rgb(85, 85, 85); font-size:14px\"><strong>Mời bạn đ&oacute;n đọc.</strong></span></p>\r\n',69000,55000,228,'http://www.mediafire.com/download/xbtpd1e9bf0xash/2_plugin_cap_nhat_moi_nhat.zip',1,1,'2016-09-03 06:17:14','2016-09-05 15:49:55'),(58,39,'Bí Mật Của Nước Công Nghệ Đột Phá Tế Bào Giúp Bạn Trẻ Hơn 10 Tuổi','bi-mat-cua-nuoc-cong-nghe-dot-pha-te-bao-giup-ban-tre-hon-10-tuoi','29091_223815_p70092mbt.jpg','“Sức khỏe thật sự không có nghĩa là không có sự hiện diện của bệnh tật. Sức khỏe thật sự là trạng thái cân bằng trong cảm xúc, thể chất, tinh thần và tâm hồn”','<p>&ldquo;Sức khỏe thật sự kh&ocirc;ng c&oacute; nghĩa l&agrave; kh&ocirc;ng c&oacute; sự hiện diện của bệnh tật. Sức khỏe thật sự l&agrave; trạng th&aacute;i c&acirc;n bằng trong cảm x&uacute;c, thể chất, tinh thần v&agrave; t&acirc;m hồn&rdquo;</p>\r\n\r\n<p>Howard Murad l&agrave; một trong những b&aacute;c sĩ c&oacute; suy nghĩ t&acirc;n tiến nhất v&agrave; l&agrave; một thi&ecirc;n t&agrave;i ng&agrave;nh thẩm mỹ. Qua gần 3 thập ni&ecirc;n nghi&ecirc;n cứu, b&aacute;c sĩ Murad đ&atilde; đưa ra chương tr&igrave;nh sức khỏe tổng thể t&acirc;n tiến gi&uacute;p kiểm so&aacute;t vấn đề l&atilde;o h&oacute;a v&agrave; đ&uacute;c kết tất cả trong cuốn s&aacute;ch &ldquo;B&iacute; mật của nước&rdquo;.</p>\r\n\r\n<p>Mục đ&iacute;ch của cuốn s&aacute;ch n&agrave;y l&agrave; hướng dẫn bạn c&aacute;ch thức &aacute;p dụng B&iacute; mật của nước v&agrave;o cuộc sống theo một phương thức thực tiễn, khả thi v&agrave; tiết kiệm. Những điều chủ chốt từ B&iacute; mật của nước sẽ l&agrave;: (1) ngăn ngừa v&agrave; l&agrave;m giảm thiểu lượng tế b&agrave;o bị hủy hoại, để ch&uacute;ng c&oacute; thể giữ được nhiều nước v&agrave; dưỡng chất nhất đồng thời, (2) điều trị v&agrave; l&agrave;m khỏe những m&agrave;ng tế b&agrave;o v&agrave; m&ocirc; li&ecirc;n kết của bạn. Bạn kh&ocirc;ng cần phải kết hợp tất cả ba yếu tố Sức khỏe to&agrave;n diện &ndash; Chăm s&oacute;c b&ecirc;n ngo&agrave;i, b&ecirc;n trong v&agrave; Cảm x&uacute;c &ndash; c&ugrave;ng l&uacute;c v&agrave;o đời sống. H&atilde;y h&igrave;nh dung ba yếu tố n&agrave;y như ba c&aacute;nh cửa kh&aacute;c nhau c&oacute; thể gi&uacute;p bạn chạm tới sức khỏe v&agrave; năng lượng tối ưu nhất.</p>\r\n\r\n<p>Th&ocirc;ng qua cuốn s&aacute;ch&nbsp;<strong>&ldquo;B&iacute; mật của nước&rdquo;</strong>, bạn sẽ kh&aacute;m ph&aacute; ra: B&iacute; mật gi&uacute;p bạn sống khỏe hơn, cảm gi&aacute;c tốt hơn v&agrave; trẻ trung hơn; Tế b&agrave;o bị hủy hoại, bị mất nước c&oacute; thể ảnh hưởng đến ngoại h&igrave;nh v&agrave; sức khỏe của bạn như thế n&agrave;o; Ch&uacute;ng ta, bao gồm cả giới y học cần phải qu&ecirc;n đi mọi thứ m&agrave; m&igrave;nh nghĩ l&agrave; đ&atilde; biết về l&atilde;o h&oacute;a; Phương thức tạo ra lối sống tốt hơn cho ch&iacute;nh bạn; Giảm stress v&agrave; c&aacute;c loại bệnh; Những c&acirc;u chuyện th&agrave;nh c&ocirc;ng.</p>\r\n\r\n<p>Kh&ocirc;ng giống như những cuốn s&aacute;ch kh&aacute;c đưa ra nhiều chương tr&igrave;nh c&oacute; cấu tr&uacute;c sẵn, cuốn s&aacute;ch n&agrave;y sẽ hơi kh&aacute;c một ch&uacute;t. C&aacute;c chương tr&igrave;nh thường kh&ocirc;ng k&eacute;o d&agrave;i với hầu hết mọi người, v&agrave; một khi đ&atilde; ho&agrave;n tất hoặc bỏ giữa chừng, những g&igrave; họ học được hầu như rơi v&agrave;o qu&ecirc;n l&atilde;ng. T&ocirc;i muốn hướng dẫn bạn lối sống hướng tới sự tối ưu h&oacute;a. Thực hiện từng bước nhỏ để thay đổi, c&oacute; thể chắc chắn thay đổi c&aacute;ch bạn cảm nhận, ngoại h&igrave;nh v&agrave; sức khỏe của bạn. C&ograve;n c&aacute;ch n&agrave;o tốt hơn để l&agrave;m mới cơ thể của bạn qua việc cung cấp những g&igrave; cần thiết nhất cho mỗi tế b&agrave;o để tối đa h&oacute;a chức năng của n&oacute; trong khoảng thời gian m&agrave; mỗi tế b&agrave;o sẽ được t&aacute;i sinh!</p>\r\n\r\n<p><strong>Mời bạn đ&oacute;n đọc.</strong></p>\r\n',110000,83000,344,'http://www.mediafire.com/download/xbtpd1e9bf0xash/2_plugin_cap_nhat_moi_nhat.zip',1,0,'2016-09-03 06:22:05','2016-09-05 03:41:07'),(59,42,'10 Vạn Câu Hỏi Vì Sao? - Vật Lý','10-van-cau-hoi-vi-sao-vat-ly','27761_227323_p70816m10vancauhoivatly.jpg','Vì sao phải đắp đê trên hẹp dưới rộng? Vì sao khi phanh ô tô nhất định phải phanh bánh sau?','<p>V&igrave; sao phải đắp đ&ecirc; tr&ecirc;n hẹp dưới rộng?</p>\r\n\r\n<p>V&igrave; sao khi phanh &ocirc; t&ocirc; nhất định phải phanh b&aacute;nh sau?</p>\r\n\r\n<p>V&igrave; sao b&uacute;t m&aacute;y c&oacute; thể tự động chảy mực ra?</p>\r\n\r\n<p>Th&ocirc;ng qua những c&acirc;u hỏi về c&aacute;c sự vật, hiện tượng trong tự nhi&ecirc;n, tập s&aacute;ch&nbsp;<strong><em>10 vạn c&acirc;u hỏi v&igrave; sao</em></strong>&nbsp;sẽ giải đ&aacute;p một c&aacute;ch ch&iacute;nh x&aacute;c, khoa học v&agrave; dễ hiểu cho bạn đọc về vật l&yacute;. C&aacute;c nội dung kiến thức được tr&igrave;nh b&agrave;y giản dị, dễ hiểu, gi&agrave;u t&iacute;nh th&ocirc;ng tin khoa học v&agrave; thực tiễn, đặc biệt ph&ugrave; hợp với c&aacute;c bạn nhỏ, gi&uacute;p c&aacute;c em ph&aacute;t huy tr&iacute; t&ograve; m&ograve;, mở rộng hiểu biết về thế giới xung quanh. &nbsp;</p>\r\n\r\n<p><strong>Mời bạn đ&oacute;n đọc.</strong></p>\r\n',45000,36000,200,'http://www.mediafire.com/download/xbtpd1e9bf0xash/2_plugin_cap_nhat_moi_nhat.zip',1,0,'2016-09-03 06:34:38','2016-09-05 03:39:41'),(60,45,'PiPi tất dài','pipi-tat-dai','8719_pippi-tat-dai-tai-ban--1-.jpg','Pippi tất dài, một cái tên đã được hàng triệu trẻ em của bao nhiêu thế hệ trên thế giới yêu mến. Cô bé tóc đỏ, mặt đầy tàn nhang tinh quái đó là giấc mơ sống động mà có lẽ chưa từng một ai không ôm ấp khi nghĩ về tuổi thơ, trẻ thơ. Bên sân nhà của hai anh em Thomas và Annika, có một Biệt thự tên là Bát Nháo nhưng chẳng ai ở cả. Chúng mơ ước có hàng xóm với lũ trẻ để chơi cùng biết bao. Và rồi một cô bạn...','<p style=\"text-align:justify\">Pippi tất d&agrave;i, một c&aacute;i t&ecirc;n đ&atilde; được h&agrave;ng triệu trẻ em của bao nhi&ecirc;u thế hệ tr&ecirc;n thế giới y&ecirc;u mến. C&ocirc; b&eacute; t&oacute;c đỏ, mặt đầy t&agrave;n nhang tinh qu&aacute;i đ&oacute; l&agrave; giấc mơ sống động m&agrave; c&oacute; lẽ chưa từng một ai kh&ocirc;ng &ocirc;m ấp khi nghĩ về tuổi thơ, trẻ thơ.</p>\r\n\r\n<p style=\"text-align:justify\">B&ecirc;n s&acirc;n nh&agrave; của hai anh em Thomas v&agrave; Annika, c&oacute; một Biệt thự t&ecirc;n l&agrave; B&aacute;t Nh&aacute;o nhưng chẳng ai ở cả. Ch&uacute;ng mơ ước c&oacute; h&agrave;ng x&oacute;m với lũ trẻ để chơi c&ugrave;ng biết bao. V&agrave;&nbsp; rồi một c&ocirc; bạn h&agrave;ng x&oacute;m xuất hiện. C&ocirc; b&eacute; 9 tuổi ấy chỉ đi một m&igrave;nh, với một ch&uacute; ngựa v&agrave; một &ocirc;ng khỉ. Ch&uacute;ng đ&atilde; kết th&agrave;nh bạn th&acirc;n với nhau.</p>\r\n\r\n<p style=\"text-align:justify\">Pippi c&oacute; một va ly đầy tiền v&agrave;ng. C&ocirc; b&eacute; kh&ocirc;ng th&iacute;ch đi học, v&igrave; từ nhỏ đ&atilde; l&ecirc;nh đ&ecirc;nh tr&ecirc;n biển với bố n&ecirc;n chẳng biết đi học ở đ&acirc;u. Ước mơ của c&ocirc; b&eacute; l&agrave; tương lai trở th&agrave;nh tướng cướp. V&agrave; c&ocirc; b&eacute; sống ho&agrave;n to&agrave;n tự do, kh&ocirc;ng chịu được g&ograve; b&oacute; n&agrave;o, kh&ocirc;ng ai bắt c&ocirc; đi ngủ đ&uacute;ng giờ khi đang chơi vui, hay bắt c&ocirc; v&agrave;o nh&agrave; khi đang dạo m&aacute;t giữa vườn trong đ&ecirc;m vắng. Pippi sẵn s&agrave;ng đối đầu với những kẻ bắt nạt, bọn kẻ trộm hay t&ecirc;n hợm hĩnh đ&ograve;i mua biệt thự B&aacute;t nh&aacute;o.</p>\r\n\r\n<p style=\"text-align:center\"><img alt=\"pipi tat dai\" src=\"http://localhost:8080/laravel-banhang/public/upload/imagesimages/pippi-tat-dai-tai-ban--1-(1).jpg\" style=\"height:480px; width:371px\" /></p>\r\n\r\n<p style=\"text-align:justify\">Nhưng cũng ch&iacute;nh từ cuộc sống đ&oacute;, Pippi tự lập hơn mọi đứa trẻ kh&aacute;c. C&ocirc; b&eacute; tất d&agrave;i biết sắp xếp lấy nh&agrave; cửa, nấu ăn rất ngon, ưa chi&ecirc;u đ&atilde;i bạn b&egrave;. Pippi c&oacute; thể tự gội đầu, th&iacute;ch vục cả mặt trong chậu nước; c&oacute; thể vừa c&agrave;i khuy sau của &aacute;o, vừa tết t&oacute;c. Hơn thế, Pippi tất d&agrave;i c&oacute; một t&igrave;nh cảm thật kho&aacute;ng đạt, nồng n&agrave;n với mọi người. C&ocirc; b&eacute; sẵn s&agrave;ng nhảy l&ecirc;n cửa sổ mua vui cho hai anh em h&agrave;ng x&oacute;m bị ốm phải nằm nh&agrave;, c&ocirc; l&agrave;m tiệc c&ugrave;ng c&aacute;c bạn chơi thật vui, v&agrave; v&igrave; họ m&agrave; c&ocirc; ở lại biệt thự B&aacute;t Nh&aacute;o, kh&ocirc;ng l&ecirc;n thuyền với cha nữa.</p>\r\n\r\n<p style=\"text-align:justify\">Pippi tất d&agrave;i - một c&ocirc; b&eacute;, một thế giới lung linh đ&atilde; l&agrave;m nức l&ograve;ng độc giả mọi lứa tuổi ở hơn 100 quốc gia tr&ecirc;n thế giới. H&igrave;nh tượng văn học sống động n&agrave;y đ&atilde; nhiều lần được dựng th&agrave;nh phim.</p>\r\n\r\n<p style=\"text-align:justify\"><strong>Mời Bạn đ&oacute;n đọc.</strong></p>\r\n',78000,75000,50,'Đang cập nhật',1,0,'2016-09-06 03:49:07','2016-09-06 03:49:07'),(61,45,'Mặc kệ nó, làm tới luôn','mac-ke-no-lam-toi-luon','7321_mac-ke-no-lam-toi-di-tai-ban-2013--1-.jpg','Mặc Kệ Nó Làm Tới Đi là một cuốn sách nhỏ, nhưng tác giả của nó và tư tưởng nó đem lại cho người đọc lại chẳng nhỏ chút nào. Richard Branson đã viết Mặc Kệ Nó Làm Tới đi bằng những trải nghiệm trong kinh doanh và cuộc sống. Cách nhìn cởi mở, tư duy phóng khoáng đã đem đến cho người đọc những lời khuyên tưởng như rất vớ vẩn, kiểu như \"Nếu bạn muốn lái máy bay thì hãy tới sân bay xin một chân pha trà; bạn muốn làm thiết kế thời trang thì xin vào làm nhân viên quét dọn ở công ty thời trang\". Thực ra, tác giả chỉ đang muốn nói rằng bạn hãy mở to mắt để học việc và chộp lấy cơ hội khi nó đến.','<p>Mặc Kệ N&oacute; L&agrave;m Tới Đi l&agrave; một cuốn s&aacute;ch nhỏ, nhưng t&aacute;c giả của n&oacute; v&agrave; tư tưởng n&oacute; đem lại cho người đọc lại chẳng nhỏ ch&uacute;t n&agrave;o. Richard Branson đ&atilde; viết Mặc Kệ N&oacute; L&agrave;m Tới đi bằng những trải nghiệm trong kinh doanh v&agrave; cuộc sống. C&aacute;ch nh&igrave;n cởi mở, tư duy ph&oacute;ng kho&aacute;ng đ&atilde; đem đến cho người đọc những lời khuy&ecirc;n tưởng như rất vớ vẩn, kiểu như &quot;Nếu bạn muốn l&aacute;i m&aacute;y bay th&igrave; h&atilde;y tới s&acirc;n bay xin một ch&acirc;n pha tr&agrave;; bạn muốn l&agrave;m thiết kế thời trang th&igrave; xin v&agrave;o l&agrave;m nh&acirc;n vi&ecirc;n qu&eacute;t dọn ở c&ocirc;ng ty thời trang&quot;. Thực ra, t&aacute;c giả chỉ đang muốn n&oacute;i rằng bạn h&atilde;y mở to mắt để học việc v&agrave; chộp lấy cơ hội khi n&oacute; đến.</p>\r\n\r\n<p style=\"text-align:justify\">Mặc Kệ N&oacute; L&agrave;m Tới Đi được viết với giọng văn h&agrave;i hước nhưng kh&ocirc;ng hời hợt. Những lời khuy&ecirc;n nhỏ trong s&aacute;ch chẳng khiến độc giả phải nặn &oacute;c suy nghĩ mới c&oacute; thể hiểu. Đọc Mặc Kệ N&oacute; L&agrave;m Tới Đi l&agrave; học những phương ph&aacute;p gi&uacute;p độc giả vượt qua ch&iacute;nh m&igrave;nh, d&aacute;m đối mặt với cơ hội v&agrave; thử th&aacute;ch v&igrave; chỉ c&oacute; thế mới c&oacute; thể th&agrave;nh c&ocirc;ng.</p>\r\n\r\n<p style=\"text-align:justify\">Bạn sẽ l&agrave;m g&igrave; khi đứng trước những trở ngại v&agrave; th&aacute;ch thức trong cuộc sống? Bạn sẽ l&agrave;m g&igrave; khi phải đưa ra những quyết định kh&oacute; khăn? Bạn giải quyết vấn đề tiền bạc ra sao? Hay nhận thức c&aacute;c vấn đề to&agrave;n cầu như thế n&agrave;o? Bạn sẽ t&igrave;m được c&acirc;u trả lời cho tất cả những c&acirc;u hỏi n&agrave;y trong cuốn s&aacute;ch đầy th&uacute; vị Mặc kệ n&oacute;, cứ l&agrave;m đi!.</p>\r\n\r\n<p style=\"text-align:justify\">L&agrave; một doanh nh&acirc;n, một người c&oacute; tư tưởng cấp tiến, ưa mạo hiểm, th&iacute;ch thử th&aacute;ch, Richard Branson sẽ mang đến cho ch&uacute;ng ta một c&aacute;i nh&igrave;n mới mẻ về cuộc sống cũng như kinh doanh qua những trải nghiệm, những b&agrave;i học &ocirc;ng học được l&uacute;c c&ograve;n nhỏ từ cha mẹ m&igrave;nh, từ khi khởi nghiệp kinh doanh v&agrave;o năm 16 tuổi với tờ tạp ch&iacute; Student, cho đến nay khi đ&atilde; trở th&agrave;nh một doanh nh&acirc;n nổi tiếng thế giới. Trong Mặc kệ n&oacute;, cứ l&agrave;m đi!, bạn sẽ t&igrave;m thấy những b&agrave;i học đơn giản v&agrave; gần gũi, giải đ&aacute;p c&aacute;c thắc mắc trong cuộc sống bằng những lời khuy&ecirc;n thiết thực. Với Branson, sống l&agrave; kh&ocirc;ng ngừng chuyển động, tạo ra v&agrave; đối mặt với th&aacute;ch thức, li&ecirc;n tục s&aacute;ng tạo, quan t&acirc;m đến c&aacute;c vấn đề to&agrave;n cầu, v&agrave; nhất l&agrave;, lu&ocirc;n l&agrave;m những việc khiến bản th&acirc;n cảm thấy vui vẻ.</p>\r\n\r\n<p style=\"text-align:justify\">Những điều gi&aacute; trị m&agrave; bạn c&oacute; thể t&igrave;m thấy trong cuốn s&aacute;ch:</p>\r\n\r\n<p style=\"text-align:justify\">- Cứ l&agrave;m đi: C&oacute; mục ti&ecirc;u, Lu&ocirc;n tin tưởng v&agrave;o bản th&acirc;n, Kh&ocirc;ng ngừng cố gắng;</p>\r\n\r\n<p style=\"text-align:justify\">- H&atilde;y vui vẻ: L&agrave;m việc chăm chỉ, Nắm bắt c&aacute;c cơ hội, Suy nghĩ t&iacute;ch cực;</p>\r\n\r\n<p style=\"text-align:justify\">- H&atilde;y t&aacute;o bạo: T&iacute;nh to&aacute;n rủi ro, Theo đuổi những mục ti&ecirc;u v&agrave; mơ ước, Kh&ocirc;ng hối tiếc;</p>\r\n\r\n<p style=\"text-align:justify\">- Th&aacute;ch thức bản th&acirc;n: Lu&ocirc;n vươn tới những mục ti&ecirc;u cao hơn, Cố gắng thử sức những điều mới mẻ;</p>\r\n\r\n<p style=\"text-align:justify\">- Đứng tr&ecirc;n đ&ocirc;i ch&acirc;n của ch&iacute;nh m&igrave;nh: Dựa v&agrave;o bản th&acirc;n, Mơ ước thực tế;</p>\r\n\r\n<p style=\"text-align:justify\">- Sống trong hiện tại: Y&ecirc;u cuộc sống v&agrave; sống hết m&igrave;nh, Tận hưởng hiện tại;</p>\r\n\r\n<p style=\"text-align:justify\">- Tr&acirc;n trọng gia đ&igrave;nh v&agrave; bạn b&egrave;: Đặt gia đ&igrave;nh v&agrave; bạn b&egrave; l&ecirc;n h&agrave;ng đầu, Lựa chọn đ&uacute;ng người v&agrave; trọng thưởng nh&acirc;n t&agrave;i;</p>\r\n\r\n<p style=\"text-align:justify\">- T&ocirc;n trọng mọi người: Lịch sự v&agrave; t&ocirc;n trọng người kh&aacute;c, L&agrave;m những việc đ&uacute;ng đắn, Giữ g&igrave;n t&ecirc;n tuổi, C&ocirc;ng bằng trong mọi mối quan hệ;</p>\r\n\r\n<p style=\"text-align:justify\">- H&atilde;y đổi mới: Suy nghĩ s&aacute;ng tạo, Ph&aacute; vỡ c&aacute;c quy tắc th&ocirc;ng thường;</p>\r\n\r\n<p style=\"text-align:justify\">- Suy nghĩ trẻ trung: Th&aacute;ch thức những điều lớn lao, B&igrave;nh tĩnh trước mọi thử th&aacute;ch, Lu&ocirc;n l&agrave; một người b&igrave;nh thường.</p>\r\n\r\n<p style=\"text-align:justify\"><strong>Mời bạn đ&oacute;n đọc</strong></p>\r\n',60000,39000,105,'',1,0,'2016-09-08 03:08:14','2016-09-08 03:15:12');
/*!40000 ALTER TABLE `books` ENABLE KEYS */;
UNLOCK TABLES;

--
-- Table structure for table `books_writers`
--

DROP TABLE IF EXISTS `books_writers`;
/*!40101 SET @saved_cs_client     = @@character_set_client */;
/*!40101 SET character_set_client = utf8 */;
CREATE TABLE `books_writers` (
  `book_id` int(10) unsigned NOT NULL,
  `writer_id` int(10) unsigned NOT NULL,
  `created_at` timestamp NULL DEFAULT NULL,
  `updated_at` timestamp NULL DEFAULT NULL,
  PRIMARY KEY (`book_id`,`writer_id`),
  KEY `books_writers_writer_id_foreign` (`writer_id`),
  CONSTRAINT `books_writers_book_id_foreign` FOREIGN KEY (`book_id`) REFERENCES `books` (`id`) ON DELETE CASCADE,
  CONSTRAINT `books_writers_writer_id_foreign` FOREIGN KEY (`writer_id`) REFERENCES `writers` (`id`) ON DELETE CASCADE
) ENGINE=InnoDB DEFAULT CHARSET=utf8 COLLATE=utf8_unicode_ci;
/*!40101 SET character_set_client = @saved_cs_client */;

--
-- Dumping data for table `books_writers`
--

LOCK TABLES `books_writers` WRITE;
/*!40000 ALTER TABLE `books_writers` DISABLE KEYS */;
INSERT INTO `books_writers` VALUES (1,1,NULL,NULL),(1,2,NULL,NULL),(2,1,NULL,NULL),(2,3,NULL,NULL),(2,4,NULL,NULL),(3,1,NULL,NULL),(4,7,NULL,NULL),(5,4,NULL,NULL),(6,6,NULL,NULL),(7,8,NULL,NULL),(8,9,NULL,NULL),(9,8,NULL,NULL),(9,9,NULL,NULL),(10,10,NULL,NULL),(11,11,NULL,NULL),(12,13,NULL,NULL),(12,14,NULL,NULL),(13,15,NULL,NULL),(14,13,NULL,NULL),(14,14,NULL,NULL),(14,15,NULL,NULL),(15,6,NULL,NULL),(16,15,NULL,NULL),(17,13,NULL,NULL),(18,13,NULL,NULL),(19,16,NULL,NULL),(20,16,NULL,NULL),(21,17,NULL,NULL),(22,17,NULL,NULL),(23,18,NULL,NULL),(24,19,NULL,NULL),(25,20,NULL,NULL),(26,21,NULL,NULL),(27,21,NULL,NULL),(28,20,NULL,NULL),(28,21,NULL,NULL),(29,14,NULL,NULL),(30,23,NULL,NULL),(31,23,NULL,NULL),(32,24,NULL,NULL),(33,25,NULL,NULL),(34,25,NULL,NULL),(35,26,NULL,NULL),(36,27,NULL,NULL),(37,28,NULL,NULL),(38,28,NULL,NULL),(38,29,NULL,NULL),(38,30,NULL,NULL),(39,26,NULL,NULL),(39,28,NULL,NULL),(39,29,NULL,NULL),(40,31,NULL,NULL),(41,32,NULL,NULL),(42,31,NULL,NULL),(43,33,NULL,NULL),(44,34,NULL,NULL),(45,35,NULL,NULL),(46,36,NULL,NULL),(47,37,NULL,NULL),(48,37,NULL,NULL),(49,38,NULL,NULL),(50,39,NULL,NULL),(51,40,NULL,NULL),(52,41,NULL,NULL),(53,42,NULL,NULL),(54,24,NULL,NULL),(55,18,NULL,NULL),(56,43,NULL,NULL),(57,44,NULL,NULL),(58,45,NULL,NULL),(59,46,NULL,NULL),(60,46,NULL,NULL),(61,9,NULL,NULL);
/*!40000 ALTER TABLE `books_writers` ENABLE KEYS */;
UNLOCK TABLES;

--
-- Table structure for table `categories`
--

DROP TABLE IF EXISTS `categories`;
/*!40101 SET @saved_cs_client     = @@character_set_client */;
/*!40101 SET character_set_client = utf8 */;
CREATE TABLE `categories` (
  `id` int(10) unsigned NOT NULL AUTO_INCREMENT,
  `parent_id` int(11) NOT NULL DEFAULT '0',
  `name` varchar(255) COLLATE utf8_unicode_ci NOT NULL,
  `slug` varchar(255) COLLATE utf8_unicode_ci NOT NULL,
  `description` varchar(255) COLLATE utf8_unicode_ci NOT NULL,
  `created_at` timestamp NULL DEFAULT NULL,
  `updated_at` timestamp NULL DEFAULT NULL,
  PRIMARY KEY (`id`),
  UNIQUE KEY `categories_name_unique` (`name`),
  UNIQUE KEY `categories_slug_unique` (`slug`)
) ENGINE=InnoDB AUTO_INCREMENT=46 DEFAULT CHARSET=utf8 COLLATE=utf8_unicode_ci;
/*!40101 SET character_set_client = @saved_cs_client */;

--
-- Dumping data for table `categories`
--

LOCK TABLES `categories` WRITE;
/*!40000 ALTER TABLE `categories` DISABLE KEYS */;
INSERT INTO `categories` VALUES (1,0,'Chuyên Ngành','chuyen-nganh','Một list danh sách về chuyên ngành đủ thể loại',NULL,NULL),(2,1,'Âm Nhạc','am-nhac','list danh sách các loại sách liên quan tới thể loại âm nhạc',NULL,NULL),(3,2,'Nhạc Dân Tộc','nhac-dan-toc','Các loại sách âm nhạc liên quan tới thể loại dân tộc',NULL,NULL),(4,2,'Nhạc Lý','nhac-ly','list danh sách nhạc lý thuộc chuyên mục âm nhạc',NULL,NULL),(5,0,'Văn Học','van-hoc','list các loại sách về văn học đủ thể loại',NULL,NULL),(6,5,'Trong Nước','trong-nuoc','sách văn học trong nước',NULL,NULL),(7,5,'Nước Ngoài','nuoc-ngoai','sách Văn học nước ngoài',NULL,NULL),(8,6,'Phê bình văn học','phe-binh-van-hoc','sách phê bình văn học',NULL,NULL),(9,0,'Giáo Khoa - Giáo Trình','giao-khoa-giao-trinh','sách giáo khoa đủ các thể loại',NULL,NULL),(10,9,'Cấp I','cap-i','Sách giáo khoa Cấp 1',NULL,NULL),(11,9,'Cấp II','cap-ii','Sách giáo khoa cấp 2',NULL,NULL),(12,9,'Cấp III','cap-iii','Sách giáo khoa cấp 3',NULL,NULL),(13,9,'Đại Học - Cao Đẳng','dai-hoc-cao-dang','Giáo trình Đại Học - Cao đẳng đủ thể loại',NULL,NULL),(14,12,'Chuyên Toán','chuyen-toan','sách chuyên về toán học',NULL,NULL),(15,0,'Tin Học - Ngoại Ngữ','tin-hoc-ngoai-ngu','sách tin học , sách ngoại ngữ',NULL,NULL),(16,0,'Phát Triển Bản Thân','phat-trien-ban-than','sách phát triển bản thân',NULL,NULL),(17,0,'Tạp Chí - Văn Phòng Phẩm','tap-chi-van-phong-pham','Sách về tạp chí , Văn Phòng Phẩm',NULL,NULL),(18,0,'Kinh Tế','kinh-te','sách về Kinh Tế',NULL,NULL),(19,0,'Đời Sống','doi-song','sách về đời sống',NULL,NULL),(20,0,'Thiếu Nhi','thieu-nhi','sách về thiếu nhi',NULL,NULL),(21,1,'Nhạc Quốc Tế','nhac-quoc-te','sách về nhạc của quốc tế',NULL,NULL),(22,6,'Phóng sự, Ký sự','phong-su-ky-su','sách văn học trong nước về phóng sự và ký sự',NULL,NULL),(23,7,'Cổ tích & Thần thoại','co-tich-than-thoai','sách văn học nước ngoài cổ tích và thần thoại',NULL,NULL),(24,7,'Nhân vật Văn học','nhan-vat-van-hoc','sách văn học nước ngoài về Nhân vật Văn học',NULL,NULL),(25,7,'Truyện Viễn tưởng','truyen-vien-tuong','sách văn học nước ngoài về truyện viễn tưởng',NULL,NULL),(26,15,'Tiếng Anh','tieng-anh','sách tin học ngoại ngữ : Tiếng Anh',NULL,NULL),(27,15,'Tiếng Hoa','tieng-hoa','sách tin học - ngoại ngữ : tiếng hoa',NULL,NULL),(28,16,'Học Làm Người','hoc-lam-nguoi','sách phát triển bạn thân chủ đề học làm người',NULL,NULL),(29,16,'Danh Nhân Văn Hóa','danh-nhan-van-hoa','sách phát triển bản thân : chủ đề Danh Nhân Văn Hóa',NULL,NULL),(30,1,'Chính Trị, Triết Học','chinh-tri-triet-hoc','Sách Chuyên Ngành : chủ đề Chính trị, triệt học',NULL,NULL),(31,1,'Du lịch','du-lich','sách chuyên ngành chủ đề : Du lịch',NULL,NULL),(32,1,'Khoa Học Cơ Bản','khoa-hoc-co-ban','Sách chuyên ngành chủ đề : Khoa Học Cơ Bản',NULL,NULL),(33,15,'Tiếng Nhật','tieng-nhat','Sách tin học ngoại ngữ chủ đề : Tiếng Nhật',NULL,NULL),(34,17,'Lịch Xuân Bính Thân','lich-xuan-binh-than','sách về Lịch Xuân Bính Thân',NULL,NULL),(35,17,'Lịch Xuân Phương Nam','lich-xuan-phuong-nam','Lịch Xuân Phương Nam',NULL,NULL),(36,18,'Marketing – Bán hàng','marketing-ban-hang','Marketing – Bán hàng',NULL,NULL),(37,18,'Ngoại Thương','ngoai-thuong','Ngoại Thương',NULL,NULL),(38,18,'Nhân Sự, việc làm','nhan-su-viec-lam','Nhân Sự, việc làm',NULL,NULL),(39,19,'Bí quyết làm đẹp','bi-quyet-lam-dep','sách về đời sống chuyên mục bí quyết làm đẹp',NULL,NULL),(40,19,'Hạnh phúc gia đình','hanh-phuc-gia-dinh','sách nói về hạnh phúc gia đình',NULL,NULL),(41,19,'Nữ Công Gia Chánh','nu-cong-gia-chanh','Nữ Công Gia Chánh',NULL,NULL),(42,20,'Khoa học tự nhiên','khoa-hoc-tu-nhien','Khoa học tự nhiên',NULL,NULL),(43,20,'Khoa Học Xã Hội','khoa-hoc-xa-hoi','Khoa Học Xã Hội',NULL,NULL),(44,20,'Mỹ Thuật, Âm nhạc','my-thuat-am-nhac','Mỹ Thuật, Âm nhạc',NULL,NULL),(45,20,'Truyện Tranh','truyen-tranh','Truyện Tranh',NULL,NULL);
/*!40000 ALTER TABLE `categories` ENABLE KEYS */;
UNLOCK TABLES;

--
-- Table structure for table `comments`
--

DROP TABLE IF EXISTS `comments`;
/*!40101 SET @saved_cs_client     = @@character_set_client */;
/*!40101 SET character_set_client = utf8 */;
CREATE TABLE `comments` (
  `id` int(10) unsigned NOT NULL AUTO_INCREMENT,
  `user_id` int(10) unsigned NOT NULL,
  `book_id` int(10) unsigned NOT NULL,
  `content` text COLLATE utf8_unicode_ci NOT NULL,
  `created_at` timestamp NULL DEFAULT NULL,
  `updated_at` timestamp NULL DEFAULT NULL,
  PRIMARY KEY (`id`),
  KEY `comments_user_id_foreign` (`user_id`),
  KEY `comments_book_id_foreign` (`book_id`),
  CONSTRAINT `comments_book_id_foreign` FOREIGN KEY (`book_id`) REFERENCES `books` (`id`) ON DELETE CASCADE,
  CONSTRAINT `comments_user_id_foreign` FOREIGN KEY (`user_id`) REFERENCES `users` (`id`) ON DELETE CASCADE
) ENGINE=InnoDB AUTO_INCREMENT=20 DEFAULT CHARSET=utf8 COLLATE=utf8_unicode_ci;
/*!40101 SET character_set_client = @saved_cs_client */;

--
-- Dumping data for table `comments`
--

LOCK TABLES `comments` WRITE;
/*!40000 ALTER TABLE `comments` DISABLE KEYS */;
INSERT INTO `comments` VALUES (1,3,60,'hay đấy','2016-09-07 17:06:52','2016-09-07 17:06:52'),(3,3,60,'hay đấy vậy','2016-09-07 17:08:06','2016-09-07 17:08:06'),(4,6,60,'cũng thường thôi bạn','2016-09-07 17:13:29','2016-09-07 17:13:29'),(5,6,60,'ái chà chà','2016-09-07 17:30:00','2016-09-07 17:30:00'),(6,6,60,'...','2016-09-07 17:31:34','2016-09-07 17:31:34'),(7,6,60,'cạn lời','2016-09-07 17:35:35','2016-09-07 17:35:35'),(8,6,57,'sách hay','2016-09-07 17:36:02','2016-09-07 17:36:02'),(9,6,57,'sách hay','2016-09-07 17:37:00','2016-09-07 17:37:00'),(10,6,57,'sách hay','2016-09-07 17:37:43','2016-09-07 17:37:43'),(11,6,57,'sách hay','2016-09-07 17:39:36','2016-09-07 17:39:36'),(12,3,60,'hạn hán lời','2016-09-07 17:40:03','2016-09-07 17:40:03'),(13,3,59,'thú vị','2016-09-07 17:40:57','2016-09-07 17:40:57'),(14,3,58,'cũng lạ nhỉ','2016-09-07 17:44:30','2016-09-07 17:44:30'),(15,3,55,'vãi hay','2016-09-07 17:49:25','2016-09-07 17:49:25'),(16,3,54,'cũng khá hay','2016-09-07 17:52:00','2016-09-07 17:52:00'),(17,2,53,'ngừng lệ cmn thuộc','2016-09-07 17:52:49','2016-09-07 17:52:49'),(18,2,53,'chaiyo','2016-09-07 17:52:55','2016-09-07 17:52:55'),(19,1,47,'lướt qua thấy đã thích rồi\n','2016-09-08 04:23:29','2016-09-08 04:23:29');
/*!40000 ALTER TABLE `comments` ENABLE KEYS */;
UNLOCK TABLES;

--
-- Table structure for table `coupons`
--

DROP TABLE IF EXISTS `coupons`;
/*!40101 SET @saved_cs_client     = @@character_set_client */;
/*!40101 SET character_set_client = utf8 */;
CREATE TABLE `coupons` (
  `id` int(10) unsigned NOT NULL AUTO_INCREMENT,
  `code` varchar(255) COLLATE utf8_unicode_ci NOT NULL,
  `percent` int(11) NOT NULL,
  `description` text COLLATE utf8_unicode_ci NOT NULL,
  `time_start` datetime NOT NULL,
  `time_end` datetime NOT NULL,
  `created_at` timestamp NULL DEFAULT NULL,
  `updated_at` timestamp NULL DEFAULT NULL,
  PRIMARY KEY (`id`)
) ENGINE=InnoDB AUTO_INCREMENT=2 DEFAULT CHARSET=utf8 COLLATE=utf8_unicode_ci;
/*!40101 SET character_set_client = @saved_cs_client */;

--
-- Dumping data for table `coupons`
--

LOCK TABLES `coupons` WRITE;
/*!40000 ALTER TABLE `coupons` DISABLE KEYS */;
INSERT INTO `coupons` VALUES (1,'COUPON20-04092016',20,'Giảm 20% khi thanh toán từ ngày 3/9/2016 tới 30/9/2016','2016-09-03 00:00:00','2016-09-30 23:59:59','2016-09-03 17:00:00','2016-09-03 17:00:00');
/*!40000 ALTER TABLE `coupons` ENABLE KEYS */;
UNLOCK TABLES;

--
-- Table structure for table `groups`
--

DROP TABLE IF EXISTS `groups`;
/*!40101 SET @saved_cs_client     = @@character_set_client */;
/*!40101 SET character_set_client = utf8 */;
CREATE TABLE `groups` (
  `id` int(10) unsigned NOT NULL AUTO_INCREMENT,
  `name` varchar(255) COLLATE utf8_unicode_ci NOT NULL,
  `description` text COLLATE utf8_unicode_ci NOT NULL,
  `level` tinyint(4) NOT NULL DEFAULT '0',
  `created_at` timestamp NULL DEFAULT NULL,
  `updated_at` timestamp NULL DEFAULT NULL,
  PRIMARY KEY (`id`)
) ENGINE=InnoDB AUTO_INCREMENT=4 DEFAULT CHARSET=utf8 COLLATE=utf8_unicode_ci;
/*!40101 SET character_set_client = @saved_cs_client */;

--
-- Dumping data for table `groups`
--

LOCK TABLES `groups` WRITE;
/*!40000 ALTER TABLE `groups` DISABLE KEYS */;
INSERT INTO `groups` VALUES (1,'Quản Trị','',1,NULL,NULL),(2,'Người dùng bình thường','',2,NULL,NULL),(3,'Người dùng VIP','',2,NULL,NULL);
/*!40000 ALTER TABLE `groups` ENABLE KEYS */;
UNLOCK TABLES;

--
-- Table structure for table `migrations`
--

DROP TABLE IF EXISTS `migrations`;
/*!40101 SET @saved_cs_client     = @@character_set_client */;
/*!40101 SET character_set_client = utf8 */;
CREATE TABLE `migrations` (
  `migration` varchar(255) COLLATE utf8_unicode_ci NOT NULL,
  `batch` int(11) NOT NULL
) ENGINE=InnoDB DEFAULT CHARSET=utf8 COLLATE=utf8_unicode_ci;
/*!40101 SET character_set_client = @saved_cs_client */;

--
-- Dumping data for table `migrations`
--

LOCK TABLES `migrations` WRITE;
/*!40000 ALTER TABLE `migrations` DISABLE KEYS */;
INSERT INTO `migrations` VALUES ('2014_10_12_100000_create_password_resets_table',1),('2016_08_30_133540_create_groups_table',1),('2014_10_12_000000_create_users_table',2),('2016_08_30_133815_create_categories_table',3),('2016_08_30_134110_create_writers_table',4),('2016_08_30_134237_create_orders_table',5),('2016_08_30_134630_create_coupons_table',6),('2016_08_30_134952_create_books_table',7),('2016_08_30_135941_create_books__writers_table',8),('2016_08_30_140557_create_comments_table',9);
/*!40000 ALTER TABLE `migrations` ENABLE KEYS */;
UNLOCK TABLES;

--
-- Table structure for table `orders`
--

DROP TABLE IF EXISTS `orders`;
/*!40101 SET @saved_cs_client     = @@character_set_client */;
/*!40101 SET character_set_client = utf8 */;
CREATE TABLE `orders` (
  `id` int(10) unsigned NOT NULL AUTO_INCREMENT,
  `user_id` int(10) unsigned NOT NULL,
  `customer_info` text COLLATE utf8_unicode_ci NOT NULL,
  `order_info` text COLLATE utf8_unicode_ci NOT NULL,
  `payment_info` text COLLATE utf8_unicode_ci NOT NULL,
  `status` int(11) NOT NULL,
  `created_at` timestamp NULL DEFAULT NULL,
  `updated_at` timestamp NULL DEFAULT NULL,
  PRIMARY KEY (`id`),
  KEY `orders_user_id_foreign` (`user_id`),
  CONSTRAINT `orders_user_id_foreign` FOREIGN KEY (`user_id`) REFERENCES `users` (`id`) ON DELETE CASCADE
) ENGINE=InnoDB AUTO_INCREMENT=11 DEFAULT CHARSET=utf8 COLLATE=utf8_unicode_ci;
/*!40101 SET character_set_client = @saved_cs_client */;

--
-- Dumping data for table `orders`
--

LOCK TABLES `orders` WRITE;
/*!40000 ALTER TABLE `orders` DISABLE KEYS */;
INSERT INTO `orders` VALUES (1,3,'{\"ten\":\"t\\u1ea5n ki\\u1ec7t\",\"email\":\"tankiet@gmail.com\",\"diachi\":\"ninh l\\u00e2m\",\"phone\":\"01686947816\"}','{\"7a5972773045d373028afc47b70ec836\":{\"rowid\":\"7a5972773045d373028afc47b70ec836\",\"id\":59,\"name\":\"10 V\\u1ea1n C\\u00e2u H\\u1ecfi V\\u00ec Sao? - V\\u1eadt L\\u00fd\",\"qty\":\"3\",\"price\":36000,\"options\":{\"img\":\"27761_227323_p70816m10vancauhoivatly.jpg\"},\"subtotal\":108000}}','{\"total\":108000,\"tienphaitra\":86400,\"code\":\"COUPON20-04092016\",\"percent\":20}',1,'2016-09-04 17:31:02','2016-09-08 17:18:32'),(2,3,'{\"ten\":\"t\\u1ea5n ki\\u1ec7t\",\"email\":\"tantai@gmail.com\",\"diachi\":\"ninh l\\u00e2m\",\"phone\":\"01686947816\"}','{\"7a5972773045d373028afc47b70ec836\":{\"rowid\":\"7a5972773045d373028afc47b70ec836\",\"id\":59,\"name\":\"10 V\\u1ea1n C\\u00e2u H\\u1ecfi V\\u00ec Sao? - V\\u1eadt L\\u00fd\",\"qty\":1,\"price\":36000,\"options\":{\"img\":\"27761_227323_p70816m10vancauhoivatly.jpg\"},\"subtotal\":36000},\"0175efdb75a7b51051902436d91cc351\":{\"rowid\":\"0175efdb75a7b51051902436d91cc351\",\"id\":58,\"name\":\"B\\u00ed M\\u1eadt C\\u1ee7a N\\u01b0\\u1edbc C\\u00f4ng Ngh\\u1ec7 \\u0110\\u1ed9t Ph\\u00e1 T\\u1ebf B\\u00e0o Gi\\u00fap B\\u1ea1n Tr\\u1ebb H\\u01a1n 10 Tu\\u1ed5i\",\"qty\":1,\"price\":83000,\"options\":{\"img\":\"29091_223815_p70092mbt.jpg\"},\"subtotal\":83000},\"fd9af91555dfef42c4fa0209154bf7de\":{\"rowid\":\"fd9af91555dfef42c4fa0209154bf7de\",\"id\":57,\"name\":\"Ngh\\u1ec7 Thu\\u1eadt PR B\\u1ea3n Th\\u00e2n\",\"qty\":1,\"price\":55000,\"options\":{\"img\":\"20567_224030_p70190m001.jpg\"},\"subtotal\":55000}}','{\"tienphaitra\":174000}',1,'2016-09-05 02:50:02','2016-09-08 17:22:43'),(3,3,'{\"ten\":\"t\\u1ea5n ki\\u1ec7t\",\"email\":\"tankiet@gmail.com\",\"diachi\":\"ninh l\\u00e2m\",\"phone\":\"01686947816\"}','{\"fd9af91555dfef42c4fa0209154bf7de\":{\"rowid\":\"fd9af91555dfef42c4fa0209154bf7de\",\"id\":57,\"name\":\"Ngh\\u1ec7 Thu\\u1eadt PR B\\u1ea3n Th\\u00e2n\",\"qty\":\"5\",\"price\":55000,\"options\":{\"img\":\"20567_224030_p70190m001.jpg\"},\"subtotal\":275000},\"0175efdb75a7b51051902436d91cc351\":{\"rowid\":\"0175efdb75a7b51051902436d91cc351\",\"id\":58,\"name\":\"B\\u00ed M\\u1eadt C\\u1ee7a N\\u01b0\\u1edbc C\\u00f4ng Ngh\\u1ec7 \\u0110\\u1ed9t Ph\\u00e1 T\\u1ebf B\\u00e0o Gi\\u00fap B\\u1ea1n Tr\\u1ebb H\\u01a1n 10 Tu\\u1ed5i\",\"qty\":1,\"price\":83000,\"options\":{\"img\":\"29091_223815_p70092mbt.jpg\"},\"subtotal\":83000}}','{\"tienphaitra\":358000}',2,'2016-09-05 03:35:44','2016-09-05 03:35:44'),(4,3,'{\"ten\":\"T\\u1ea5n T\\u00e0i\",\"email\":\"tantait@gmail.com\",\"diachi\":\"tu b\\u00f4ng ph\\u00fa kh\\u00e1nh\",\"phone\":\"01687857816\"}','{\"71e5ff135512cf0f7a3ec008d9dfb381\":{\"rowid\":\"71e5ff135512cf0f7a3ec008d9dfb381\",\"id\":12,\"name\":\"B\\u1ed9 S\\u00e1ch Gi\\u00e1o Khoa L\\u1edbp 2\",\"qty\":1,\"price\":43000,\"options\":{\"img\":\"9413_186155_p64416mbo.jpg\"},\"subtotal\":43000},\"15b3f4750d55ca35c87f34cd734f1570\":{\"rowid\":\"15b3f4750d55ca35c87f34cd734f1570\",\"id\":44,\"name\":\"1\\/2 Ho\\u00e0ng T\\u1eed - T\\u1eadp 7: Sau N\\u1ea3y Sau N\\u00e0y\",\"qty\":1,\"price\":52000,\"options\":{\"img\":\"18840_224792_p70442mbiatruoc.jpg\"},\"subtotal\":52000}}','{\"tienphaitra\":95000}',1,'2016-09-05 05:22:07','2016-09-08 17:22:43'),(5,3,'{\"ten\":\"kenny\",\"email\":\"tankiet@gmail.com\",\"diachi\":\"ninh l\\u00e2m - v\\u1ea1n kh\\u00e1nh - v\\u1ea1n ninh kh\\u00e1nh h\\u00f2a\",\"phone\":\"01686947816\"}','{\"7a5972773045d373028afc47b70ec836\":{\"rowid\":\"7a5972773045d373028afc47b70ec836\",\"id\":59,\"name\":\"10 V\\u1ea1n C\\u00e2u H\\u1ecfi V\\u00ec Sao? - V\\u1eadt L\\u00fd\",\"qty\":1,\"price\":36000,\"options\":{\"img\":\"27761_227323_p70816m10vancauhoivatly.jpg\"},\"subtotal\":36000},\"fd964d54ce0bfb21abee92ce64153f4c\":{\"rowid\":\"fd964d54ce0bfb21abee92ce64153f4c\",\"id\":55,\"name\":\"L\\u1ecbch Treo T\\u01b0\\u1eddng Doraemon 2016\",\"qty\":1,\"price\":40000,\"options\":{\"img\":\"2975_199403_p66703mbiatruoc.jpg\"},\"subtotal\":40000},\"baf249ddd52a5caa927d303675920088\":{\"rowid\":\"baf249ddd52a5caa927d303675920088\",\"id\":54,\"name\":\"L\\u1ecbch Treo T\\u01b0\\u1eddng - \\u0110\\u00f4 Th\\u00e0nh R\\u1ef1c R\\u1ee1\",\"qty\":1,\"price\":44000,\"options\":{\"img\":\"1262_199613_p66713mbiatruoc.jpg\"},\"subtotal\":44000},\"13aaf5273c43bab91c0a8e88c5a4fdfc\":{\"rowid\":\"13aaf5273c43bab91c0a8e88c5a4fdfc\",\"id\":52,\"name\":\"Nh\\u1eefng Con \\u0110\\u01b0\\u1eddng \\u0110\\u1eb9p Trong Cu\\u1ed9c \\u0110\\u1eddi - Ph\\u00e1t H\\u00e0nh D\\u1ef1 Ki\\u1ebfn 15\\/09\\/2016\",\"qty\":1,\"price\":49000,\"options\":{\"img\":\"18443_228157_p70905m2.jpg\"},\"subtotal\":49000}}','{\"total\":169000,\"tienphaitra\":135200,\"code\":\"COUPON20-04092016\",\"percent\":20}',1,'2016-09-05 06:22:14','2016-09-05 06:22:14'),(6,3,'{\"ten\":\"v\\u0103n thanh\",\"email\":\"vanthanht@gmail.com\",\"diachi\":\"ninh l\\u00e2m- v\\u1ea1n kh\\u00e1nh\",\"phone\":\"01686947775\"}','{\"b19695d5da713b961afbdd516ff33cec\":{\"rowid\":\"b19695d5da713b961afbdd516ff33cec\",\"id\":60,\"name\":\"PiPi t\\u1ea5t d\\u00e0i\",\"qty\":1,\"price\":75000,\"options\":{\"img\":\"8719_pippi-tat-dai-tai-ban--1-.jpg\"},\"subtotal\":75000},\"fd964d54ce0bfb21abee92ce64153f4c\":{\"rowid\":\"fd964d54ce0bfb21abee92ce64153f4c\",\"id\":55,\"name\":\"L\\u1ecbch Treo T\\u01b0\\u1eddng Doraemon 2016\",\"qty\":1,\"price\":40000,\"options\":{\"img\":\"2975_199403_p66703mbiatruoc.jpg\"},\"subtotal\":40000}}','{\"tienphaitra\":115000}',2,'2016-09-06 09:47:46','2016-09-08 17:20:35'),(7,3,'{\"ten\":\"v\\u0103n thanh\",\"email\":\"vanthanht@gmail.com\",\"diachi\":\"ninh l\\u00e2m-van kh\\u00e1nh\",\"phone\":\"01686947834\"}','{\"b19695d5da713b961afbdd516ff33cec\":{\"rowid\":\"b19695d5da713b961afbdd516ff33cec\",\"id\":60,\"name\":\"PiPi t\\u1ea5t d\\u00e0i\",\"qty\":1,\"price\":75000,\"options\":{\"img\":\"8719_pippi-tat-dai-tai-ban--1-.jpg\"},\"subtotal\":75000},\"ddc69326a1f40796b43971c55da18692\":{\"rowid\":\"ddc69326a1f40796b43971c55da18692\",\"id\":25,\"name\":\"The Best SongBook Of All Time 2006\",\"qty\":1,\"price\":60000,\"options\":{\"img\":\"25187_2547_7991.jpg\"},\"subtotal\":60000}}','{\"tienphaitra\":135000}',1,'2016-09-06 09:49:16','2016-09-08 17:22:43'),(8,6,'{\"ten\":\"v\\u0103n th\\u00e0nh\",\"email\":\"vanthanh@gmail.com\",\"diachi\":\"v\\u1ea1n kh\\u00e1nh\",\"phone\":\"01686947324\"}','{\"fd9af91555dfef42c4fa0209154bf7de\":{\"rowid\":\"fd9af91555dfef42c4fa0209154bf7de\",\"id\":57,\"name\":\"Ngh\\u1ec7 Thu\\u1eadt PR B\\u1ea3n Th\\u00e2n\",\"qty\":\"5\",\"price\":55000,\"options\":{\"img\":\"20567_224030_p70190m001.jpg\"},\"subtotal\":275000},\"0175efdb75a7b51051902436d91cc351\":{\"rowid\":\"0175efdb75a7b51051902436d91cc351\",\"id\":58,\"name\":\"B\\u00ed M\\u1eadt C\\u1ee7a N\\u01b0\\u1edbc C\\u00f4ng Ngh\\u1ec7 \\u0110\\u1ed9t Ph\\u00e1 T\\u1ebf B\\u00e0o Gi\\u00fap B\\u1ea1n Tr\\u1ebb H\\u01a1n 10 Tu\\u1ed5i\",\"qty\":1,\"price\":83000,\"options\":{\"img\":\"29091_223815_p70092mbt.jpg\"},\"subtotal\":83000}}','{\"tienphaitra\":358000}',1,'2016-09-06 09:51:49','2016-09-08 17:22:43'),(9,2,'{\"ten\":null,\"email\":\"tandat@gmail.com\",\"diachi\":\"\\u0110\\u1ea1i L\\u00e3nh - Kh\\u00e1nh H\\u00f2a\",\"phone\":\"09234567890\"}','{\"50773ca42439455ac212a520dc1df559\":{\"rowid\":\"50773ca42439455ac212a520dc1df559\",\"id\":56,\"name\":\"L\\u1ecbch \\u0110\\u1ec3 B\\u00e0n 2016 \\u0110\\u1ed9ng V\\u1eadt S\\u00e1ch \\u0110\\u1ecf\",\"qty\":1,\"price\":20000,\"options\":{\"img\":\"23525_197093_p66338m001.jpg\"},\"subtotal\":20000},\"fd9af91555dfef42c4fa0209154bf7de\":{\"rowid\":\"fd9af91555dfef42c4fa0209154bf7de\",\"id\":57,\"name\":\"Ngh\\u1ec7 Thu\\u1eadt PR B\\u1ea3n Th\\u00e2n\",\"qty\":\"3\",\"price\":55000,\"options\":{\"img\":\"20567_224030_p70190m001.jpg\"},\"subtotal\":165000},\"0175efdb75a7b51051902436d91cc351\":{\"rowid\":\"0175efdb75a7b51051902436d91cc351\",\"id\":58,\"name\":\"B\\u00ed M\\u1eadt C\\u1ee7a N\\u01b0\\u1edbc C\\u00f4ng Ngh\\u1ec7 \\u0110\\u1ed9t Ph\\u00e1 T\\u1ebf B\\u00e0o Gi\\u00fap B\\u1ea1n Tr\\u1ebb H\\u01a1n 10 Tu\\u1ed5i\",\"qty\":1,\"price\":83000,\"options\":{\"img\":\"29091_223815_p70092mbt.jpg\"},\"subtotal\":83000}}','{\"tienphaitra\":268000}',2,'2016-09-07 07:53:37','2016-09-08 17:20:15'),(10,1,'{\"ten\":null,\"email\":\"tankiet54cntt@gmail.com\",\"diachi\":\"Ninh L\\u00e2m - V\\u1ea1n Kh\\u00e1nh - V\\u1ea1n Ninh - Kh\\u00e1nh H\\u00f2a\",\"phone\":\"01686947816\"}','{\"b19695d5da713b961afbdd516ff33cec\":{\"rowid\":\"b19695d5da713b961afbdd516ff33cec\",\"id\":60,\"name\":\"PiPi t\\u1ea5t d\\u00e0i\",\"qty\":1,\"price\":75000,\"options\":{\"img\":\"8719_pippi-tat-dai-tai-ban--1-.jpg\"},\"subtotal\":75000}}','{\"tienphaitra\":75000}',0,'2016-09-08 17:23:27','2016-09-08 17:23:27');
/*!40000 ALTER TABLE `orders` ENABLE KEYS */;
UNLOCK TABLES;

--
-- Table structure for table `password_resets`
--

DROP TABLE IF EXISTS `password_resets`;
/*!40101 SET @saved_cs_client     = @@character_set_client */;
/*!40101 SET character_set_client = utf8 */;
CREATE TABLE `password_resets` (
  `email` varchar(255) COLLATE utf8_unicode_ci NOT NULL,
  `token` varchar(255) COLLATE utf8_unicode_ci NOT NULL,
  `created_at` timestamp NULL DEFAULT NULL,
  KEY `password_resets_email_index` (`email`),
  KEY `password_resets_token_index` (`token`)
) ENGINE=InnoDB DEFAULT CHARSET=utf8 COLLATE=utf8_unicode_ci;
/*!40101 SET character_set_client = @saved_cs_client */;

--
-- Dumping data for table `password_resets`
--

LOCK TABLES `password_resets` WRITE;
/*!40000 ALTER TABLE `password_resets` DISABLE KEYS */;
/*!40000 ALTER TABLE `password_resets` ENABLE KEYS */;
UNLOCK TABLES;

--
-- Table structure for table `users`
--

DROP TABLE IF EXISTS `users`;
/*!40101 SET @saved_cs_client     = @@character_set_client */;
/*!40101 SET character_set_client = utf8 */;
CREATE TABLE `users` (
  `id` int(10) unsigned NOT NULL AUTO_INCREMENT,
  `group_id` int(10) unsigned NOT NULL,
  `username` varchar(255) COLLATE utf8_unicode_ci NOT NULL,
  `password` varchar(255) COLLATE utf8_unicode_ci NOT NULL,
  `email` varchar(255) COLLATE utf8_unicode_ci NOT NULL,
  `firstname` varchar(255) COLLATE utf8_unicode_ci NOT NULL,
  `lastname` varchar(255) COLLATE utf8_unicode_ci NOT NULL,
  `address` varchar(255) COLLATE utf8_unicode_ci NOT NULL,
  `phone_number` char(13) COLLATE utf8_unicode_ci NOT NULL,
  `code_forget_pass` varchar(255) COLLATE utf8_unicode_ci DEFAULT NULL,
  `remember_token` varchar(100) COLLATE utf8_unicode_ci DEFAULT NULL,
  `created_at` timestamp NULL DEFAULT NULL,
  `updated_at` timestamp NULL DEFAULT NULL,
  PRIMARY KEY (`id`),
  UNIQUE KEY `users_username_unique` (`username`),
  UNIQUE KEY `users_email_unique` (`email`),
  KEY `users_group_id_foreign` (`group_id`),
  CONSTRAINT `users_group_id_foreign` FOREIGN KEY (`group_id`) REFERENCES `groups` (`id`) ON DELETE CASCADE
) ENGINE=InnoDB AUTO_INCREMENT=10 DEFAULT CHARSET=utf8 COLLATE=utf8_unicode_ci;
/*!40101 SET character_set_client = @saved_cs_client */;

--
-- Dumping data for table `users`
--

LOCK TABLES `users` WRITE;
/*!40000 ALTER TABLE `users` DISABLE KEYS */;
INSERT INTO `users` VALUES (1,1,'admin','$2y$10$ww.vdrLsserspMGobdLVpu/Taq294DOk3JcXP0Oqmaq2eipaKUjtC','tankiet54cntt@gmail.com','Trần','Tấn Kiệt','Ninh Lâm - Vạn Khánh - Vạn Ninh - Khánh Hòa','01686947816',NULL,'JwKPC7daYpSiC5meO2DE4XrUjHyHrDG1XwdA3Z94vbF2FnxOai3NkWxBFFm1','2016-08-30 15:59:16','2016-09-08 17:23:40'),(2,2,'tandat','$2y$10$VU3kqo7n12MM597rG/H0a.YEs0hJcCek513FvZJ45wGsQi5USZ4xO','tandat@gmail.com','Văn','Tấn Đạt','Đại Lãnh - Khánh Hòa','09234567890',NULL,'ScucChaA3NuKnsjeyAXF3Qan3pkKKTGeaSucalRsiM4GcSmWbHvM8ewtKzFd','2016-08-30 16:00:52','2016-09-07 07:57:15'),(3,3,'tankiet','$2y$10$b39NOUir.V.9ySmvJh9ZXuAvvGQc6ZCgDERzMTCn2AX03SepOV.82','tankiet@gmail.com','Nguyễn','Tấn Kiệt','Cao Bằng - Lạng Sơn','09234567893',NULL,'doYKVcxh27x4Ecuq6g7yogn0TstoeU8pSyegHYstJPDC9adFD48hCIEq2rpX','2016-08-30 16:03:32','2016-09-08 17:25:09'),(6,2,'vanthanh','$2y$10$S4F7/AZYV7OkL9O5/1is5u89vI5FFrhVTFLg5V7ec0X3GQbem1JJC','vanthanh@gmail.com','thanh','van thánh','Yên bái ','01686947836',NULL,'o7VUhpCm0Sr887PXiyGW45AqwoCBFPc3rvGN6M9FIgBJ9E5RNb1lcmfyIxe1','2016-08-30 16:56:02','2016-09-07 07:51:14'),(7,2,'kuteo','$2y$10$HFrE6REDZ8nBLURurrZavuFs7T80bMEcDr9n1KxqxP4uRpvAi7Eq6','anhteo@gmail.com','Trần Văn','Tèo','Trần quang khải - Hà Nội','09234567894',NULL,'Ql2JZTnoIO8NEPw1myzJjWOSQtuzxriQJM3yP2z9','2016-08-30 16:56:33','2016-09-05 14:49:17'),(8,2,'teoanh','$2y$10$.jX6XvKi71abkAQ9Rhuo/u2UI6lmiVO3p5GBAZGhytOH7yj5i/3rG','teoanh@gmail.com','văn tèo','Nguyễn','cam ranh - khánh hòa','09123456789',NULL,'YjQcQiqwO7TZG9KCirLERHkKmMa6qYkZElh2YtjZMGiz8B2XlsA0mHA9xvcs','2016-09-05 08:44:09','2016-09-05 15:44:40'),(9,2,'vantai','$2y$10$CeJq5k7Sz6zdoqimkUzp.u1dkMNROHUDEf2HhpNG6eqoANR9Sd8iC','ngovantai@gmail.com','ngô văn','tài','nha trang - khánh hòa','087922345612',NULL,'WRTeSqP3GlyHYJgeSuevXLMS7aG5tPG4mvdPTLJfPGrvl5aZtaZSXF7ae56a','2016-09-05 08:53:04','2016-09-05 08:53:19');
/*!40000 ALTER TABLE `users` ENABLE KEYS */;
UNLOCK TABLES;

--
-- Table structure for table `writers`
--

DROP TABLE IF EXISTS `writers`;
/*!40101 SET @saved_cs_client     = @@character_set_client */;
/*!40101 SET character_set_client = utf8 */;
CREATE TABLE `writers` (
  `id` int(10) unsigned NOT NULL AUTO_INCREMENT,
  `name` varchar(255) COLLATE utf8_unicode_ci NOT NULL,
  `slug` varchar(255) COLLATE utf8_unicode_ci NOT NULL,
  `story` text COLLATE utf8_unicode_ci NOT NULL,
  `created_at` timestamp NULL DEFAULT NULL,
  `updated_at` timestamp NULL DEFAULT NULL,
  PRIMARY KEY (`id`),
  UNIQUE KEY `writers_name_unique` (`name`),
  UNIQUE KEY `writers_slug_unique` (`slug`)
) ENGINE=InnoDB AUTO_INCREMENT=47 DEFAULT CHARSET=utf8 COLLATE=utf8_unicode_ci;
/*!40101 SET character_set_client = @saved_cs_client */;

--
-- Dumping data for table `writers`
--

LOCK TABLES `writers` WRITE;
/*!40000 ALTER TABLE `writers` DISABLE KEYS */;
INSERT INTO `writers` VALUES (1,'Đỗ Tuấn ','do-tuan','',NULL,NULL),(2,'Đinh Thanh Long','dinh-thanh-long','',NULL,NULL),(3,'Nhạc sĩ Lê Quốc Thắng','nhac-si-le-quoc-thang','',NULL,NULL),(4,'Nguyễn Văn Hoà','nguyen-van-hoa','',NULL,NULL),(5,'Đào Ngọc Dung','dao-ngoc-dung','',NULL,NULL),(6,'Lê Văn Chưởng','le-van-chuong','',NULL,NULL),(7,'Tôn Thất Bình','ton-that-binh','',NULL,NULL),(8,'Trương Chính','truong-chinh','',NULL,NULL),(9,'Đoàn Cầm Thi','doan-cam-thi','',NULL,NULL),(10,'Lương Bằng Vinh','luong-bang-vinh','',NULL,NULL),(11,'Cù Minh Nhật','cu-minh-nhat','',NULL,NULL),(12,'Nguyễn Duy','nguyen-duy','',NULL,NULL),(13,'Song Minh','song-minh','',NULL,NULL),(14,'Tạ Tấn','ta-tan','',NULL,NULL),(15,'Nguyễn Quốc Tuấn','nguyen-quoc-tuan','',NULL,NULL),(16,'Hoàng Hạc','hoang-hac','',NULL,NULL),(17,'Lê Dũng','le-dung','',NULL,NULL),(18,'Thanh Nguyên','thanh-nguyen','',NULL,NULL),(19,'T.S Phạm Phương Hoa','t-s-pha-m-phuong-hoa','',NULL,NULL),(20,'Nhóm First News','nhom-first-news','',NULL,NULL),(21,'First News','first-news','',NULL,NULL),(23,'Nguyễn Văn Uẩn','nguyen-van-uan','',NULL,NULL),(24,'Dương Linh ','duong-linh','',NULL,NULL),(25,' Nguyễn Văn Mỹ','nguyen-van-my','',NULL,NULL),(26,'Jacob Grimm','jacob-grimm','',NULL,NULL),(27,'Hans Christian ','hans-christian','',NULL,NULL),(28,'Lee Kyungjin','lee-kyungjin','',NULL,NULL),(29,' Seo Young','seo-young','',NULL,NULL),(30,'Thomas Bulfinch ','thomas-bulfinch','',NULL,NULL),(31,'Đoàn Tử Huyến','doan-tu-huyen','',NULL,NULL),(32,'Natsume Soseki','natsume-soseki','',NULL,NULL),(33,'Lại Nguyên Ân','lai-nguyen-an','',NULL,NULL),(34,'Ngự Ngã','ngu-nga','',NULL,NULL),(35,'Reki Kawahara','reki-kawahara','',NULL,NULL),(36,'Anne Rice','anne-rice','',NULL,NULL),(37,'James Dashner','james-dashner','',NULL,NULL),(38,'Huỳnh Du Phàm','huynh-du-pham','',NULL,NULL),(39,'Mao Duyệt','mao-duyet','',NULL,NULL),(40,'Sasaki Hitoko','sasaki-hitoko','',NULL,NULL),(41,'Chân Pháp Đăng','chan-phap-dang','',NULL,NULL),(42,'Melody Beattie','melody-beattie','',NULL,NULL),(43,'Nhóm Lịch Phương Nam','nhom-lich-phuong-nam','',NULL,NULL),(44,'Austin Kleon','austin-kleon','',NULL,NULL),(45,'Howard Murad','howard-murad','',NULL,NULL),(46,'Đức Anh','duc-anh','',NULL,NULL);
/*!40000 ALTER TABLE `writers` ENABLE KEYS */;
UNLOCK TABLES;
/*!40103 SET TIME_ZONE=@OLD_TIME_ZONE */;

/*!40101 SET SQL_MODE=@OLD_SQL_MODE */;
/*!40014 SET FOREIGN_KEY_CHECKS=@OLD_FOREIGN_KEY_CHECKS */;
/*!40014 SET UNIQUE_CHECKS=@OLD_UNIQUE_CHECKS */;
/*!40101 SET CHARACTER_SET_CLIENT=@OLD_CHARACTER_SET_CLIENT */;
/*!40101 SET CHARACTER_SET_RESULTS=@OLD_CHARACTER_SET_RESULTS */;
/*!40101 SET COLLATION_CONNECTION=@OLD_COLLATION_CONNECTION */;
/*!40111 SET SQL_NOTES=@OLD_SQL_NOTES */;

-- Dump completed on 2016-09-13 15:26:59
